[browser] Image with src "http://localhost:3001/Logo/norbitex_logo.svg" has either width or height modified, but not the other. If you use CSS to change the size of your image, also include the styles 'width: "auto"' or 'height: "auto"' to maintain the aspect ratio.
[browser] The width(-1) and height(-1) of chart should be greater than 0,
       please check the style of container, or the props width(100%) and height(100%),
       or add a minWidth(0) or minHeight(undefined) or use aspect(undefined) to control the
       height and width.
[browser] The width(-1) and height(-1) of chart should be greater than 0,
       please check the style of container, or the props width(100%) and height(100%),
       or add a minWidth(0) or minHeight(undefined) or use aspect(undefined) to control the
       height and width.
[browser] The width(-1) and height(-1) of chart should be greater than 0,
       please check the style of container, or the props width(100%) and height(100%),
       or add a minWidth(0) or minHeight(undefined) or use aspect(undefined) to control the
       height and width.
[browser] The width(-1) and height(-1) of chart should be greater than 0,
       please check the style of container, or the props width(100%) and height(100%),
       or add a minWidth(0) or minHeight(undefined) or use aspect(undefined) to control the
       height and width.
[browser] Image with src "/Logo/Norvitex.png" has either width or height modified, but not the other. If you use CSS to change the size of your image, also include the styles 'width: "auto"' or 'height: "auto"' to maintain the aspect ratio.
[browser] Image with src "http://localhost:3001/Logo/norbitex_logo.svg" has either width or height modified, but not the other. If you use CSS to change the size of your image, also include the styles 'width: "auto"' or 'height: "auto"' to maintain the aspect ratio.
[browser] Image with src "http://localhost:3001/Logo/norbitex_logo.svg" has either width or height modified, but not the other. If you use CSS to change the size of your image, also include the styles 'width: "auto"' or 'height: "auto"' to maintain the aspect ratio.
[browser] Image with src "/Logo/Norvitex.png" has either width or height modified, but not the other. If you use CSS to change the size of your image, also include the styles 'width: "auto"' or 'height: "auto"' to maintain the aspect ratio.
[browser] The width(-1) and height(-1) of chart should be greater than 0,
       please check the style of container, or the props width(100%) and height(100%),
       or add a minWidth(0) or minHeight(undefined) or use aspect(undefined) to control the
       height and width.
[browser] The width(-1) and height(-1) of chart should be greater than 0,
       please check the style of container, or the props width(100%) and height(100%),
       or add a minWidth(0) or minHeight(undefined) or use aspect(undefined) to control the
       height and width.
[browser] The width(-1) and height(-1) of chart should be greater than 0,
       please check the style of container, or the props width(100%) and height(100%),
       or add a minWidth(0) or minHeight(undefined) or use aspect(undefined) to control the
       height and width.
[browser] The width(-1) and height(-1) of chart should be greater than 0,
       please check the style of container, or the props width(100%) and height(100%),
       or add a minWidth(0) or minHeight(undefined) or use aspect(undefined) to control the
       height and width.
[browser] Image with src "http://localhost:3001/Logo/norbitex_logo.svg" has either width or height modified, but not the other. If you use CSS to change the size of your image, also include the styles 'width: "auto"' or 'height: "auto"' to maintain the aspect ratio.
[browser] The width(-1) and height(-1) of chart should be greater than 0,
       please check the style of container, or the props width(100%) and height(100%),
       or add a minWidth(0) or minHeight(undefined) or use aspect(undefined) to control the
       height and width.
[browser] The width(-1) and height(-1) of chart should be greater than 0,
       please check the style of container, or the props width(100%) and height(100%),
       or add a minWidth(0) or minHeight(undefined) or use aspect(undefined) to control the
       height and width.
[browser] The width(-1) and height(-1) of chart should be greater than 0,
       please check the style of container, or the props width(100%) and height(100%),
       or add a minWidth(0) or minHeight(undefined) or use aspect(undefined) to control the
       height and width.
[browser] The width(-1) and height(-1) of chart should be greater than 0,
       please check the style of container, or the props width(100%) and height(100%),
       or add a minWidth(0) or minHeight(undefined) or use aspect(undefined) to control the
       height and width.
[browser] The width(-1) and height(-1) of chart should be greater than 0,
       please check the style of container, or the props width(100%) and height(100%),
       or add a minWidth(0) or minHeight(undefined) or use aspect(undefined) to control the
       height and width.
[browser] The width(-1) and height(-1) of chart should be greater than 0,
       please check the style of container, or the props width(100%) and height(100%),
       or add a minWidth(0) or minHeight(undefined) or use aspect(undefined) to control the
       height and width.
[browser] The width(-1) and height(-1) of chart should be greater than 0,
       please check the style of container, or the props width(100%) and height(100%),
       or add a minWidth(0) or minHeight(undefined) or use aspect(undefined) to control the
       height and width.
[browser] The width(-1) and height(-1) of chart should be greater than 0,
       please check the style of container, or the props width(100%) and height(100%),
       or add a minWidth(0) or minHeight(undefined) or use aspect(undefined) to control the
       height and width.
[browser] Image with src "https://pub-5fbe646472384dcea7faa57c6d3b183c.r2.dev/products/empresa-1/producto-8/color-2/214ea0c4-a02c-4a76-85e0-0e88067b125b/thumb.webp" has either width or height modified, but not the other. If you use CSS to change the size of your image, also include the styles 'width: "auto"' or 'height: "auto"' to maintain the aspect ratio.
[browser] Image with src "https://pub-5fbe646472384dcea7faa57c6d3b183c.r2.dev/products/empresa-1/producto-8/color-23/acf6c396-aad9-499d-8db5-0ecf9c340d43/thumb.webp" has either width or height modified, but not the other. If you use CSS to change the size of your image, also include the styles 'width: "auto"' or 'height: "auto"' to maintain the aspect ratio.
[browser] Image with src "https://pub-5fbe646472384dcea7faa57c6d3b183c.r2.dev/products/empresa-1/producto-2/color-24/7bc0c089-4416-4c2c-973f-6db664481e81/thumb.webp" has either width or height modified, but not the other. If you use CSS to change the size of your image, also include the styles 'width: "auto"' or 'height: "auto"' to maintain the aspect ratio.
[browser] Image with src "https://pub-5fbe646472384dcea7faa57c6d3b183c.r2.dev/products/empresa-1/producto-8/color-5/a2e079f2-d84c-4a25-935c-122a1c18895b/thumb.webp" has either width or height modified, but not the other. If you use CSS to change the size of your image, also include the styles 'width: "auto"' or 'height: "auto"' to maintain the aspect ratio.
[browser] Image with src "https://pub-5fbe646472384dcea7faa57c6d3b183c.r2.dev/products/empresa-1/producto-13/color-197/70a3c22e-6f1d-4118-abe7-1e85d9357553/thumb.webp" has either width or height modified, but not the other. If you use CSS to change the size of your image, also include the styles 'width: "auto"' or 'height: "auto"' to maintain the aspect ratio.
[browser] The width(-1) and height(-1) of chart should be greater than 0,
       please check the style of container, or the props width(100%) and height(100%),
       or add a minWidth(0) or minHeight(undefined) or use aspect(undefined) to control the
       height and width.
[browser] The width(-1) and height(-1) of chart should be greater than 0,
       please check the style of container, or the props width(100%) and height(100%),
       or add a minWidth(0) or minHeight(undefined) or use aspect(undefined) to control the
       height and width.
[browser] The width(-1) and height(-1) of chart should be greater than 0,
       please check the style of container, or the props width(100%) and height(100%),
       or add a minWidth(0) or minHeight(undefined) or use aspect(undefined) to control the
       height and width.
[browser] The width(-1) and height(-1) of chart should be greater than 0,
       please check the style of container, or the props width(100%) and height(100%),
       or add a minWidth(0) or minHeight(undefined) or use aspect(undefined) to control the
       height and width.
[browser] The width(-1) and height(-1) of chart should be greater than 0,
       please check the style of container, or the props width(100%) and height(100%),
       or add a minWidth(0) or minHeight(undefined) or use aspect(undefined) to control the
       height and width.
[browser] The width(-1) and height(-1) of chart should be greater than 0,
       please check the style of container, or the props width(100%) and height(100%),
       or add a minWidth(0) or minHeight(undefined) or use aspect(undefined) to control the
       height and width.
[browser] The width(-1) and height(-1) of chart should be greater than 0,
       please check the style of container, or the props width(100%) and height(100%),
       or add a minWidth(0) or minHeight(undefined) or use aspect(undefined) to control the
       height and width.
[browser] The width(-1) and height(-1) of chart should be greater than 0,
       please check the style of container, or the props width(100%) and height(100%),
       or add a minWidth(0) or minHeight(undefined) or use aspect(undefined) to control the
       height and width.
[browser] Image with src "http://localhost:3001/Logo/norbitex_logo.svg" has either width or height modified, but not the other. If you use CSS to change the size of your image, also include the styles 'width: "auto"' or 'height: "auto"' to maintain the aspect ratio.
[browser] Image with src "http://localhost:3001/Logo/norbitex_logo.svg" has either width or height modified, but not the other. If you use CSS to change the size of your image, also include the styles 'width: "auto"' or 'height: "auto"' to maintain the aspect ratio.
[browser] Image with src "http://localhost:3001/Logo/norbitex_logo.svg" has either width or height modified, but not the other. If you use CSS to change the size of your image, also include the styles 'width: "auto"' or 'height: "auto"' to maintain the aspect ratio.
[browser] Image with src "/Logo/Norvitex.png" has either width or height modified, but not the other. If you use CSS to change the size of your image, also include the styles 'width: "auto"' or 'height: "auto"' to maintain the aspect ratio.
[browser] The width(-1) and height(-1) of chart should be greater than 0,
       please check the style of container, or the props width(100%) and height(100%),
       or add a minWidth(0) or minHeight(undefined) or use aspect(undefined) to control the
       height and width.
[browser] The width(-1) and height(-1) of chart should be greater than 0,
       please check the style of container, or the props width(100%) and height(100%),
       or add a minWidth(0) or minHeight(undefined) or use aspect(undefined) to control the
       height and width.
[browser] The width(-1) and height(-1) of chart should be greater than 0,
       please check the style of container, or the props width(100%) and height(100%),
       or add a minWidth(0) or minHeight(undefined) or use aspect(undefined) to control the
       height and width.
[browser] The width(-1) and height(-1) of chart should be greater than 0,
       please check the style of container, or the props width(100%) and height(100%),
       or add a minWidth(0) or minHeight(undefined) or use aspect(undefined) to control the
       height and width.
[browser] The width(-1) and height(-1) of chart should be greater than 0,
       please check the style of container, or the props width(100%) and height(100%),
       or add a minWidth(0) or minHeight(undefined) or use aspect(undefined) to control the
       height and width.
[browser] The width(-1) and height(-1) of chart should be greater than 0,
       please check the style of container, or the props width(100%) and height(100%),
       or add a minWidth(0) or minHeight(undefined) or use aspect(undefined) to control the
       height and width.
[browser] The width(-1) and height(-1) of chart should be greater than 0,
       please check the style of container, or the props width(100%) and height(100%),
       or add a minWidth(0) or minHeight(undefined) or use aspect(undefined) to control the
       height and width.
[browser] The width(-1) and height(-1) of chart should be greater than 0,
       please check the style of container, or the props width(100%) and height(100%),
       or add a minWidth(0) or minHeight(undefined) or use aspect(undefined) to control the
       height and width.
[browser] The width(-1) and height(-1) of chart should be greater than 0,
       please check the style of container, or the props width(100%) and height(100%),
       or add a minWidth(0) or minHeight(undefined) or use aspect(undefined) to control the
       height and width.
[browser] The width(-1) and height(-1) of chart should be greater than 0,
       please check the style of container, or the props width(100%) and height(100%),
       or add a minWidth(0) or minHeight(undefined) or use aspect(undefined) to control the
       height and width.
[browser] The width(-1) and height(-1) of chart should be greater than 0,
       please check the style of container, or the props width(100%) and height(100%),
       or add a minWidth(0) or minHeight(undefined) or use aspect(undefined) to control the
       height and width.
[browser] The width(-1) and height(-1) of chart should be greater than 0,
       please check the style of container, or the props width(100%) and height(100%),
       or add a minWidth(0) or minHeight(undefined) or use aspect(undefined) to control the
       height and width.
[browser] The width(-1) and height(-1) of chart should be greater than 0,
       please check the style of container, or the props width(100%) and height(100%),
       or add a minWidth(0) or minHeight(undefined) or use aspect(undefined) to control the
       height and width.
[browser] The width(-1) and height(-1) of chart should be greater than 0,
       please check the style of container, or the props width(100%) and height(100%),
       or add a minWidth(0) or minHeight(undefined) or use aspect(undefined) to control the
       height and width.
[browser] The width(-1) and height(-1) of chart should be greater than 0,
       please check the style of container, or the props width(100%) and height(100%),
       or add a minWidth(0) or minHeight(undefined) or use aspect(undefined) to control the
       height and width.
[browser] The width(-1) and height(-1) of chart should be greater than 0,
       please check the style of container, or the props width(100%) and height(100%),
       or add a minWidth(0) or minHeight(undefined) or use aspect(undefined) to control the
       height and width.
[browser] The width(-1) and height(-1) of chart should be greater than 0,
       please check the style of container, or the props width(100%) and height(100%),
       or add a minWidth(0) or minHeight(undefined) or use aspect(undefined) to control the
       height and width.
[browser] The width(-1) and height(-1) of chart should be greater than 0,
       please check the style of container, or the props width(100%) and height(100%),
       or add a minWidth(0) or minHeight(undefined) or use aspect(undefined) to control the
       height and width.
[browser] The width(-1) and height(-1) of chart should be greater than 0,
       please check the style of container, or the props width(100%) and height(100%),
       or add a minWidth(0) or minHeight(undefined) or use aspect(undefined) to control the
       height and width.
[browser] The width(-1) and height(-1) of chart should be greater than 0,
       please check the style of container, or the props width(100%) and height(100%),
       or add a minWidth(0) or minHeight(undefined) or use aspect(undefined) to control the
       height and width.
[browser] The width(-1) and height(-1) of chart should be greater than 0,
       please check the style of container, or the props width(100%) and height(100%),
       or add a minWidth(0) or minHeight(undefined) or use aspect(undefined) to control the
       height and width.
[browser] The width(-1) and height(-1) of chart should be greater than 0,
       please check the style of container, or the props width(100%) and height(100%),
       or add a minWidth(0) or minHeight(undefined) or use aspect(undefined) to control the
       height and width.
[browser] The width(-1) and height(-1) of chart should be greater than 0,
       please check the style of container, or the props width(100%) and height(100%),
       or add a minWidth(0) or minHeight(undefined) or use aspect(undefined) to control the
       height and width.
[browser] The width(-1) and height(-1) of chart should be greater than 0,
       please check the style of container, or the props width(100%) and height(100%),
       or add a minWidth(0) or minHeight(undefined) or use aspect(undefined) to control the
       height and width.
[browser] The width(-1) and height(-1) of chart should be greater than 0,
       please check the style of container, or the props width(100%) and height(100%),
       or add a minWidth(0) or minHeight(undefined) or use aspect(undefined) to control the
       height and width.
[browser] The width(-1) and height(-1) of chart should be greater than 0,
       please check the style of container, or the props width(100%) and height(100%),
       or add a minWidth(0) or minHeight(undefined) or use aspect(undefined) to control the
       height and width.
[browser] The width(-1) and height(-1) of chart should be greater than 0,
       please check the style of container, or the props width(100%) and height(100%),
       or add a minWidth(0) or minHeight(undefined) or use aspect(undefined) to control the
       height and width.
[browser] The width(-1) and height(-1) of chart should be greater than 0,
       please check the style of container, or the props width(100%) and height(100%),
       or add a minWidth(0) or minHeight(undefined) or use aspect(undefined) to control the
       height and width.
[browser] The width(-1) and height(-1) of chart should be greater than 0,
       please check the style of container, or the props width(100%) and height(100%),
       or add a minWidth(0) or minHeight(undefined) or use aspect(undefined) to control the
       height and width.
[browser] The width(-1) and height(-1) of chart should be greater than 0,
       please check the style of container, or the props width(100%) and height(100%),
       or add a minWidth(0) or minHeight(undefined) or use aspect(undefined) to control the
       height and width.
[browser] The width(-1) and height(-1) of chart should be greater than 0,
       please check the style of container, or the props width(100%) and height(100%),
       or add a minWidth(0) or minHeight(undefined) or use aspect(undefined) to control the
       height and width.
[browser] The width(-1) and height(-1) of chart should be greater than 0,
       please check the style of container, or the props width(100%) and height(100%),
       or add a minWidth(0) or minHeight(undefined) or use aspect(undefined) to control the
       height and width.
[browser] The width(-1) and height(-1) of chart should be greater than 0,
       please check the style of container, or the props width(100%) and height(100%),
       or add a minWidth(0) or minHeight(undefined) or use aspect(undefined) to control the
       height and width.
[browser] The width(-1) and height(-1) of chart should be greater than 0,
       please check the style of container, or the props width(100%) and height(100%),
       or add a minWidth(0) or minHeight(undefined) or use aspect(undefined) to control the
       height and width.
[browser] Image with src "http://localhost:3001/Logo/norbitex_logo.svg" has either width or height modified, but not the other. If you use CSS to change the size of your image, also include the styles 'width: "auto"' or 'height: "auto"' to maintain the aspect ratio.
[browser] The width(-1) and height(-1) of chart should be greater than 0,
       please check the style of container, or the props width(100%) and height(100%),
       or add a minWidth(0) or minHeight(undefined) or use aspect(undefined) to control the
       height and width.
[browser] The width(-1) and height(-1) of chart should be greater than 0,
       please check the style of container, or the props width(100%) and height(100%),
       or add a minWidth(0) or minHeight(undefined) or use aspect(undefined) to control the
       height and width.
[browser] The width(-1) and height(-1) of chart should be greater than 0,
       please check the style of container, or the props width(100%) and height(100%),
       or add a minWidth(0) or minHeight(undefined) or use aspect(undefined) to control the
       height and width.
[browser] The width(-1) and height(-1) of chart should be greater than 0,
       please check the style of container, or the props width(100%) and height(100%),
       or add a minWidth(0) or minHeight(undefined) or use aspect(undefined) to control the
       height and width.
[browser] The width(-1) and height(-1) of chart should be greater than 0,
       please check the style of container, or the props width(100%) and height(100%),
       or add a minWidth(0) or minHeight(undefined) or use aspect(undefined) to control the
       height and width.
[browser] The width(-1) and height(-1) of chart should be greater than 0,
       please check the style of container, or the props width(100%) and height(100%),
       or add a minWidth(0) or minHeight(undefined) or use aspect(undefined) to control the
       height and width.
[browser] The width(-1) and height(-1) of chart should be greater than 0,
       please check the style of container, or the props width(100%) and height(100%),
       or add a minWidth(0) or minHeight(undefined) or use aspect(undefined) to control the
       height and width.
[browser] The width(-1) and height(-1) of chart should be greater than 0,
       please check the style of container, or the props width(100%) and height(100%),
       or add a minWidth(0) or minHeight(undefined) or use aspect(undefined) to control the
       height and width.
[browser] The width(-1) and height(-1) of chart should be greater than 0,
       please check the style of container, or the props width(100%) and height(100%),
       or add a minWidth(0) or minHeight(undefined) or use aspect(undefined) to control the
       height and width.
[browser] The width(-1) and height(-1) of chart should be greater than 0,
       please check the style of container, or the props width(100%) and height(100%),
       or add a minWidth(0) or minHeight(undefined) or use aspect(undefined) to control the
       height and width.
[browser] Image with src "http://localhost:3001/Logo/norbitex_logo.svg" has either width or height modified, but not the other. If you use CSS to change the size of your image, also include the styles 'width: "auto"' or 'height: "auto"' to maintain the aspect ratio.
[browser] Image with src "http://localhost:3001/Logo/norbitex_logo.svg" has either width or height modified, but not the other. If you use CSS to change the size of your image, also include the styles 'width: "auto"' or 'height: "auto"' to maintain the aspect ratio.
[browser] Image with src "http://localhost:3001/Logo/norbitex_logo.svg" has either width or height modified, but not the other. If you use CSS to change the size of your image, also include the styles 'width: "auto"' or 'height: "auto"' to maintain the aspect ratio.
[browser] Image with src "/Logo/Norvitex.png" has either width or height modified, but not the other. If you use CSS to change the size of your image, also include the styles 'width: "auto"' or 'height: "auto"' to maintain the aspect ratio.
[browser] The width(-1) and height(-1) of chart should be greater than 0,
       please check the style of container, or the props width(100%) and height(100%),
       or add a minWidth(0) or minHeight(undefined) or use aspect(undefined) to control the
       height and width.
[browser] The width(-1) and height(-1) of chart should be greater than 0,
       please check the style of container, or the props width(100%) and height(100%),
       or add a minWidth(0) or minHeight(undefined) or use aspect(undefined) to control the
       height and width.
[browser] The width(-1) and height(-1) of chart should be greater than 0,
       please check the style of container, or the props width(100%) and height(100%),
       or add a minWidth(0) or minHeight(undefined) or use aspect(undefined) to control the
       height and width.
[browser] The width(-1) and height(-1) of chart should be greater than 0,
       please check the style of container, or the props width(100%) and height(100%),
       or add a minWidth(0) or minHeight(undefined) or use aspect(undefined) to control the
       height and width.
[browser] Image with src "http://localhost:3001/Logo/norbitex_logo.svg" has either width or height modified, but not the other. If you use CSS to change the size of your image, also include the styles 'width: "auto"' or 'height: "auto"' to maintain the aspect ratio.
[browser] Image with src "http://localhost:3001/Logo/norbitex_logo.svg" has either width or height modified, but not the other. If you use CSS to change the size of your image, also include the styles 'width: "auto"' or 'height: "auto"' to maintain the aspect ratio.
[browser] The width(-1) and height(-1) of chart should be greater than 0,
       please check the style of container, or the props width(100%) and height(100%),
       or add a minWidth(0) or minHeight(undefined) or use aspect(undefined) to control the
       height and width.
[browser] The width(-1) and height(-1) of chart should be greater than 0,
       please check the style of container, or the props width(100%) and height(100%),
       or add a minWidth(0) or minHeight(undefined) or use aspect(undefined) to control the
       height and width.
[browser] The width(-1) and height(-1) of chart should be greater than 0,
       please check the style of container, or the props width(100%) and height(100%),
       or add a minWidth(0) or minHeight(undefined) or use aspect(undefined) to control the
       height and width.
[browser] The width(-1) and height(-1) of chart should be greater than 0,
       please check the style of container, or the props width(100%) and height(100%),
       or add a minWidth(0) or minHeight(undefined) or use aspect(undefined) to control the
       height and width.
[browser] The width(-1) and height(-1) of chart should be greater than 0,
       please check the style of container, or the props width(100%) and height(100%),
       or add a minWidth(0) or minHeight(undefined) or use aspect(undefined) to control the
       height and width.
[browser] The width(-1) and height(-1) of chart should be greater than 0,
       please check the style of container, or the props width(100%) and height(100%),
       or add a minWidth(0) or minHeight(undefined) or use aspect(undefined) to control the
       height and width.
[browser] The width(-1) and height(-1) of chart should be greater than 0,
       please check the style of container, or the props width(100%) and height(100%),
       or add a minWidth(0) or minHeight(undefined) or use aspect(undefined) to control the
       height and width.
[browser] The width(-1) and height(-1) of chart should be greater than 0,
       please check the style of container, or the props width(100%) and height(100%),
       or add a minWidth(0) or minHeight(undefined) or use aspect(undefined) to control the
       height and width.
[browser] The width(-1) and height(-1) of chart should be greater than 0,
       please check the style of container, or the props width(100%) and height(100%),
       or add a minWidth(0) or minHeight(undefined) or use aspect(undefined) to control the
       height and width.
[browser] The width(-1) and height(-1) of chart should be greater than 0,
       please check the style of container, or the props width(100%) and height(100%),
       or add a minWidth(0) or minHeight(undefined) or use aspect(undefined) to control the
       height and width.
[browser] The width(-1) and height(-1) of chart should be greater than 0,
       please check the style of container, or the props width(100%) and height(100%),
       or add a minWidth(0) or minHeight(undefined) or use aspect(undefined) to control the
       height and width.
[browser] The width(-1) and height(-1) of chart should be greater than 0,
       please check the style of container, or the props width(100%) and height(100%),
       or add a minWidth(0) or minHeight(undefined) or use aspect(undefined) to control the
       height and width.
[browser] The width(-1) and height(-1) of chart should be greater than 0,
       please check the style of container, or the props width(100%) and height(100%),
       or add a minWidth(0) or minHeight(undefined) or use aspect(undefined) to control the
       height and width.
[browser] The width(-1) and height(-1) of chart should be greater than 0,
       please check the style of container, or the props width(100%) and height(100%),
       or add a minWidth(0) or minHeight(undefined) or use aspect(undefined) to control the
       height and width.
[browser] The width(-1) and height(-1) of chart should be greater than 0,
       please check the style of container, or the props width(100%) and height(100%),
       or add a minWidth(0) or minHeight(undefined) or use aspect(undefined) to control the
       height and width.
[browser] The width(-1) and height(-1) of chart should be greater than 0,
       please check the style of container, or the props width(100%) and height(100%),
       or add a minWidth(0) or minHeight(undefined) or use aspect(undefined) to control the
       height and width.
[browser] The width(-1) and height(-1) of chart should be greater than 0,
       please check the style of container, or the props width(100%) and height(100%),
       or add a minWidth(0) or minHeight(undefined) or use aspect(undefined) to control the
       height and width.
[browser] The width(-1) and height(-1) of chart should be greater than 0,
       please check the style of container, or the props width(100%) and height(100%),
       or add a minWidth(0) or minHeight(undefined) or use aspect(undefined) to control the
       height and width.
[browser] The width(-1) and height(-1) of chart should be greater than 0,
       please check the style of container, or the props width(100%) and height(100%),
       or add a minWidth(0) or minHeight(undefined) or use aspect(undefined) to control the
       height and width.
[browser] The width(-1) and height(-1) of chart should be greater than 0,
       please check the style of container, or the props width(100%) and height(100%),
       or add a minWidth(0) or minHeight(undefined) or use aspect(undefined) to control the
       height and width.
[browser] The width(-1) and height(-1) of chart should be greater than 0,
       please check the style of container, or the props width(100%) and height(100%),
       or add a minWidth(0) or minHeight(undefined) or use aspect(undefined) to control the
       height and width.
[browser] The width(-1) and height(-1) of chart should be greater than 0,
       please check the style of container, or the props width(100%) and height(100%),
       or add a minWidth(0) or minHeight(undefined) or use aspect(undefined) to control the
       height and width.
[browser] The width(-1) and height(-1) of chart should be greater than 0,
       please check the style of container, or the props width(100%) and height(100%),
       or add a minWidth(0) or minHeight(undefined) or use aspect(undefined) to control the
       height and width.
[browser] The width(-1) and height(-1) of chart should be greater than 0,
       please check the style of container, or the props width(100%) and height(100%),
       or add a minWidth(0) or minHeight(undefined) or use aspect(undefined) to control the
       height and width.
[browser] The width(-1) and height(-1) of chart should be greater than 0,
       please check the style of container, or the props width(100%) and height(100%),
       or add a minWidth(0) or minHeight(undefined) or use aspect(undefined) to control the
       height and width.
[browser] The width(-1) and height(-1) of chart should be greater than 0,
       please check the style of container, or the props width(100%) and height(100%),
       or add a minWidth(0) or minHeight(undefined) or use aspect(undefined) to control the
       height and width.
[browser] The width(-1) and height(-1) of chart should be greater than 0,
       please check the style of container, or the props width(100%) and height(100%),
       or add a minWidth(0) or minHeight(undefined) or use aspect(undefined) to control the
       height and width.
[browser] The width(-1) and height(-1) of chart should be greater than 0,
       please check the style of container, or the props width(100%) and height(100%),
       or add a minWidth(0) or minHeight(undefined) or use aspect(undefined) to control the
       height and width.
[browser] The width(-1) and height(-1) of chart should be greater than 0,
       please check the style of container, or the props width(100%) and height(100%),
       or add a minWidth(0) or minHeight(undefined) or use aspect(undefined) to control the
       height and width.
[browser] The width(-1) and height(-1) of chart should be greater than 0,
       please check the style of container, or the props width(100%) and height(100%),
       or add a minWidth(0) or minHeight(undefined) or use aspect(undefined) to control the
       height and width.
[browser] The width(-1) and height(-1) of chart should be greater than 0,
       please check the style of container, or the props width(100%) and height(100%),
       or add a minWidth(0) or minHeight(undefined) or use aspect(undefined) to control the
       height and width.
[browser] The width(-1) and height(-1) of chart should be greater than 0,
       please check the style of container, or the props width(100%) and height(100%),
       or add a minWidth(0) or minHeight(undefined) or use aspect(undefined) to control the
       height and width.
[browser] The width(-1) and height(-1) of chart should be greater than 0,
       please check the style of container, or the props width(100%) and height(100%),
       or add a minWidth(0) or minHeight(undefined) or use aspect(undefined) to control the
       height and width.
[browser] The width(-1) and height(-1) of chart should be greater than 0,
       please check the style of container, or the props width(100%) and height(100%),
       or add a minWidth(0) or minHeight(undefined) or use aspect(undefined) to control the
       height and width.
[browser] Image with src "https://pub-5fbe646472384dcea7faa57c6d3b183c.r2.dev/products/empresa-1/producto-13/color-197/70a3c22e-6f1d-4118-abe7-1e85d9357553/thumb.webp" has either width or height modified, but not the other. If you use CSS to change the size of your image, also include the styles 'width: "auto"' or 'height: "auto"' to maintain the aspect ratio.
[browser] Image with src "https://pub-5fbe646472384dcea7faa57c6d3b183c.r2.dev/products/empresa-1/producto-8/color-2/214ea0c4-a02c-4a76-85e0-0e88067b125b/thumb.webp" has either width or height modified, but not the other. If you use CSS to change the size of your image, also include the styles 'width: "auto"' or 'height: "auto"' to maintain the aspect ratio.
[browser] Image with src "https://pub-5fbe646472384dcea7faa57c6d3b183c.r2.dev/products/empresa-1/producto-8/color-5/a2e079f2-d84c-4a25-935c-122a1c18895b/thumb.webp" has either width or height modified, but not the other. If you use CSS to change the size of your image, also include the styles 'width: "auto"' or 'height: "auto"' to maintain the aspect ratio.
[browser] Image with src "https://pub-5fbe646472384dcea7faa57c6d3b183c.r2.dev/products/empresa-1/producto-8/color-23/acf6c396-aad9-499d-8db5-0ecf9c340d43/thumb.webp" has either width or height modified, but not the other. If you use CSS to change the size of your image, also include the styles 'width: "auto"' or 'height: "auto"' to maintain the aspect ratio.
[browser] Image with src "https://pub-5fbe646472384dcea7faa57c6d3b183c.r2.dev/products/empresa-1/producto-2/color-24/7bc0c089-4416-4c2c-973f-6db664481e81/thumb.webp" has either width or height modified, but not the other. If you use CSS to change the size of your image, also include the styles 'width: "auto"' or 'height: "auto"' to maintain the aspect ratio.
[browser] The width(-1) and height(-1) of chart should be greater than 0,
       please check the style of container, or the props width(100%) and height(100%),
       or add a minWidth(0) or minHeight(undefined) or use aspect(undefined) to control the
       height and width.
[browser] The width(-1) and height(-1) of chart should be greater than 0,
       please check the style of container, or the props width(100%) and height(100%),
       or add a minWidth(0) or minHeight(undefined) or use aspect(undefined) to control the
       height and width.
[browser] The width(-1) and height(-1) of chart should be greater than 0,
       please check the style of container, or the props width(100%) and height(100%),
       or add a minWidth(0) or minHeight(undefined) or use aspect(undefined) to control the
       height and width.
[browser] The width(-1) and height(-1) of chart should be greater than 0,
       please check the style of container, or the props width(100%) and height(100%),
       or add a minWidth(0) or minHeight(undefined) or use aspect(undefined) to control the
       height and width.
[browser] The width(-1) and height(-1) of chart should be greater than 0,
       please check the style of container, or the props width(100%) and height(100%),
       or add a minWidth(0) or minHeight(undefined) or use aspect(undefined) to control the
       height and width.
[browser] The width(-1) and height(-1) of chart should be greater than 0,
       please check the style of container, or the props width(100%) and height(100%),
       or add a minWidth(0) or minHeight(undefined) or use aspect(undefined) to control the
       height and width.
[browser] The width(-1) and height(-1) of chart should be greater than 0,
       please check the style of container, or the props width(100%) and height(100%),
       or add a minWidth(0) or minHeight(undefined) or use aspect(undefined) to control the
       height and width.
[browser] The width(-1) and height(-1) of chart should be greater than 0,
       please check the style of container, or the props width(100%) and height(100%),
       or add a minWidth(0) or minHeight(undefined) or use aspect(undefined) to control the
       height and width.
[browser] The width(-1) and height(-1) of chart should be greater than 0,
       please check the style of container, or the props width(100%) and height(100%),
       or add a minWidth(0) or minHeight(undefined) or use aspect(undefined) to control the
       height and width.
[browser] The width(-1) and height(-1) of chart should be greater than 0,
       please check the style of container, or the props width(100%) and height(100%),
       or add a minWidth(0) or minHeight(undefined) or use aspect(undefined) to control the
       height and width.
[browser] The width(-1) and height(-1) of chart should be greater than 0,
       please check the style of container, or the props width(100%) and height(100%),
       or add a minWidth(0) or minHeight(undefined) or use aspect(undefined) to control the
       height and width.
[browser] The width(-1) and height(-1) of chart should be greater than 0,
       please check the style of container, or the props width(100%) and height(100%),
       or add a minWidth(0) or minHeight(undefined) or use aspect(undefined) to control the
       height and width.
[browser] The width(-1) and height(-1) of chart should be greater than 0,
       please check the style of container, or the props width(100%) and height(100%),
       or add a minWidth(0) or minHeight(undefined) or use aspect(undefined) to control the
       height and width.
[browser] The width(-1) and height(-1) of chart should be greater than 0,
       please check the style of container, or the props width(100%) and height(100%),
       or add a minWidth(0) or minHeight(undefined) or use aspect(undefined) to control the
       height and width.
[browser] Image with src "/Logo/Norvitex.png" has either width or height modified, but not the other. If you use CSS to change the size of your image, also include the styles 'width: "auto"' or 'height: "auto"' to maintain the aspect ratio.
[browser] The width(-1) and height(-1) of chart should be greater than 0,
       please check the style of container, or the props width(100%) and height(100%),
       or add a minWidth(0) or minHeight(undefined) or use aspect(undefined) to control the
       height and width.
[browser] The width(-1) and height(-1) of chart should be greater than 0,
       please check the style of container, or the props width(100%) and height(100%),
       or add a minWidth(0) or minHeight(undefined) or use aspect(undefined) to control the
       height and width.
[browser] The width(-1) and height(-1) of chart should be greater than 0,
       please check the style of container, or the props width(100%) and height(100%),
       or add a minWidth(0) or minHeight(undefined) or use aspect(undefined) to control the
       height and width.
[browser] The width(-1) and height(-1) of chart should be greater than 0,
       please check the style of container, or the props width(100%) and height(100%),
       or add a minWidth(0) or minHeight(undefined) or use aspect(undefined) to control the
       height and width.
[browser] The width(-1) and height(-1) of chart should be greater than 0,
       please check the style of container, or the props width(100%) and height(100%),
       or add a minWidth(0) or minHeight(undefined) or use aspect(undefined) to control the
       height and width.
[browser] The width(-1) and height(-1) of chart should be greater than 0,
       please check the style of container, or the props width(100%) and height(100%),
       or add a minWidth(0) or minHeight(undefined) or use aspect(undefined) to control the
       height and width.
[browser] The width(-1) and height(-1) of chart should be greater than 0,
       please check the style of container, or the props width(100%) and height(100%),
       or add a minWidth(0) or minHeight(undefined) or use aspect(undefined) to control the
       height and width.
[browser] The width(-1) and height(-1) of chart should be greater than 0,
       please check the style of container, or the props width(100%) and height(100%),
       or add a minWidth(0) or minHeight(undefined) or use aspect(undefined) to control the
       height and width.
[browser] The width(-1) and height(-1) of chart should be greater than 0,
       please check the style of container, or the props width(100%) and height(100%),
       or add a minWidth(0) or minHeight(undefined) or use aspect(undefined) to control the
       height and width.
[browser] The width(-1) and height(-1) of chart should be greater than 0,
       please check the style of container, or the props width(100%) and height(100%),
       or add a minWidth(0) or minHeight(undefined) or use aspect(undefined) to control the
       height and width.
[browser] The width(-1) and height(-1) of chart should be greater than 0,
       please check the style of container, or the props width(100%) and height(100%),
       or add a minWidth(0) or minHeight(undefined) or use aspect(undefined) to control the
       height and width.
[browser] The width(-1) and height(-1) of chart should be greater than 0,
       please check the style of container, or the props width(100%) and height(100%),
       or add a minWidth(0) or minHeight(undefined) or use aspect(undefined) to control the
       height and width.
[browser] The width(-1) and height(-1) of chart should be greater than 0,
       please check the style of container, or the props width(100%) and height(100%),
       or add a minWidth(0) or minHeight(undefined) or use aspect(undefined) to control the
       height and width.
[browser] The width(-1) and height(-1) of chart should be greater than 0,
       please check the style of container, or the props width(100%) and height(100%),
       or add a minWidth(0) or minHeight(undefined) or use aspect(undefined) to control the
       height and width.
[browser] The width(-1) and height(-1) of chart should be greater than 0,
       please check the style of container, or the props width(100%) and height(100%),
       or add a minWidth(0) or minHeight(undefined) or use aspect(undefined) to control the
       height and width.
[browser] The width(-1) and height(-1) of chart should be greater than 0,
       please check the style of container, or the props width(100%) and height(100%),
       or add a minWidth(0) or minHeight(undefined) or use aspect(undefined) to control the
       height and width.
[browser] The width(-1) and height(-1) of chart should be greater than 0,
       please check the style of container, or the props width(100%) and height(100%),
       or add a minWidth(0) or minHeight(undefined) or use aspect(undefined) to control the
       height and width.
[browser] The width(-1) and height(-1) of chart should be greater than 0,
       please check the style of container, or the props width(100%) and height(100%),
       or add a minWidth(0) or minHeight(undefined) or use aspect(undefined) to control the
       height and width.
[browser] The width(-1) and height(-1) of chart should be greater than 0,
       please check the style of container, or the props width(100%) and height(100%),
       or add a minWidth(0) or minHeight(undefined) or use aspect(undefined) to control the
       height and width.
[browser] The width(-1) and height(-1) of chart should be greater than 0,
       please check the style of container, or the props width(100%) and height(100%),
       or add a minWidth(0) or minHeight(undefined) or use aspect(undefined) to control the
       height and width.
[browser] Image with src "http://localhost:3001/Logo/norbitex_logo.svg" has either width or height modified, but not the other. If you use CSS to change the size of your image, also include the styles 'width: "auto"' or 'height: "auto"' to maintain the aspect ratio.
[browser] The width(-1) and height(-1) of chart should be greater than 0,
       please check the style of container, or the props width(100%) and height(100%),
       or add a minWidth(0) or minHeight(undefined) or use aspect(undefined) to control the
       height and width.
[browser] The width(-1) and height(-1) of chart should be greater than 0,
       please check the style of container, or the props width(100%) and height(100%),
       or add a minWidth(0) or minHeight(undefined) or use aspect(undefined) to control the
       height and width.
[browser] The width(-1) and height(-1) of chart should be greater than 0,
       please check the style of container, or the props width(100%) and height(100%),
       or add a minWidth(0) or minHeight(undefined) or use aspect(undefined) to control the
       height and width.
[browser] The width(-1) and height(-1) of chart should be greater than 0,
       please check the style of container, or the props width(100%) and height(100%),
       or add a minWidth(0) or minHeight(undefined) or use aspect(undefined) to control the
       height and width.
[browser] The width(-1) and height(-1) of chart should be greater than 0,
       please check the style of container, or the props width(100%) and height(100%),
       or add a minWidth(0) or minHeight(undefined) or use aspect(undefined) to control the
       height and width.
[browser] The width(-1) and height(-1) of chart should be greater than 0,
       please check the style of container, or the props width(100%) and height(100%),
       or add a minWidth(0) or minHeight(undefined) or use aspect(undefined) to control the
       height and width.
[browser] The width(-1) and height(-1) of chart should be greater than 0,
       please check the style of container, or the props width(100%) and height(100%),
       or add a minWidth(0) or minHeight(undefined) or use aspect(undefined) to control the
       height and width.
[browser] The width(-1) and height(-1) of chart should be greater than 0,
       please check the style of container, or the props width(100%) and height(100%),
       or add a minWidth(0) or minHeight(undefined) or use aspect(undefined) to control the
       height and width.
[browser] The width(-1) and height(-1) of chart should be greater than 0,
       please check the style of container, or the props width(100%) and height(100%),
       or add a minWidth(0) or minHeight(undefined) or use aspect(undefined) to control the
       height and width.
[browser] The width(-1) and height(-1) of chart should be greater than 0,
       please check the style of container, or the props width(100%) and height(100%),
       or add a minWidth(0) or minHeight(undefined) or use aspect(undefined) to control the
       height and width.
[browser] The width(-1) and height(-1) of chart should be greater than 0,
       please check the style of container, or the props width(100%) and height(100%),
       or add a minWidth(0) or minHeight(undefined) or use aspect(undefined) to control the
       height and width.
[browser] The width(-1) and height(-1) of chart should be greater than 0,
       please check the style of container, or the props width(100%) and height(100%),
       or add a minWidth(0) or minHeight(undefined) or use aspect(undefined) to control the
       height and width.
[browser] The width(-1) and height(-1) of chart should be greater than 0,
       please check the style of container, or the props width(100%) and height(100%),
       or add a minWidth(0) or minHeight(undefined) or use aspect(undefined) to control the
       height and width.
[browser] The width(-1) and height(-1) of chart should be greater than 0,
       please check the style of container, or the props width(100%) and height(100%),
       or add a minWidth(0) or minHeight(undefined) or use aspect(undefined) to control the
       height and width.
[browser] The width(-1) and height(-1) of chart should be greater than 0,
       please check the style of container, or the props width(100%) and height(100%),
       or add a minWidth(0) or minHeight(undefined) or use aspect(undefined) to control the
       height and width.
[browser] The width(-1) and height(-1) of chart should be greater than 0,
       please check the style of container, or the props width(100%) and height(100%),
       or add a minWidth(0) or minHeight(undefined) or use aspect(undefined) to control the
       height and width.
[browser] Each child in a list should have a unique "key" prop.

Check the render method of `VentasPage`. See https://react.dev/link/warning-keys for more information. 
[browser] Uncaught TypeError: Cannot read properties of undefined (reading 'reduce')
    at eval (app/ventas/page.tsx:1292:56)
    at Array.map (<anonymous>)
    at VentasPage (app/ventas/page.tsx:1291:24)
    at Set.forEach (<anonymous>)
  1290 |             ) : (
  1291 |               products.map((product) => {
> 1292 |                 const cartQuantity = product.variantes.reduce(
       |                                                        ^
  1293 |                   (total, variant) =>
  1294 |                     total +
  1295 |                     (cartItems.find(
⚠ Fast Refresh had to perform a full reload due to a runtime error.
[browser] Encountered a script tag while rendering React component. Scripts inside React components are never executed when rendering on the client. Consider using template tag instead (https://developer.mozilla.org/en-US/docs/Web/HTML/Element/template). 
    at Set.forEach (<anonymous>) (<anonymous>)
[browser] Uncaught TypeError: Cannot read properties of undefined (reading 'reduce')
    at eval (app/ventas/page.tsx:1292:56)
    at Array.map (<anonymous>)
    at VentasPage (app/ventas/page.tsx:1291:24)
  1290 |             ) : (
  1291 |               products.map((product) => {
> 1292 |                 const cartQuantity = product.variantes.reduce(
       |                                                        ^
  1293 |                   (total, variant) =>
  1294 |                     total +
  1295 |                     (cartItems.find(
[browser] Image with src "http://localhost:3001/Logo/norbitex_logo.svg" has either width or height modified, but not the other. If you use CSS to change the size of your image, also include the styles 'width: "auto"' or 'height: "auto"' to maintain the aspect ratio.
[browser] ⨯ unhandledRejection: ApiError: Unauthorized
    at apiRequest (lib/api/client.ts:41:11)
    at async requestWithAuth (lib/api/auth-fetch.ts:51:12)
    at async VentasPage.useCallback[loadColors] (app/ventas/page.tsx:400:24)
  39 |
  40 |   if (!response.ok) {
> 41 |     throw new ApiError(getErrorMessage(body), response.status, body);
     |           ^
  42 |   }
  43 |
  44 |   return body as T;
[browser] ⨯ unhandledRejection: ApiError: Unauthorized
    at apiRequest (lib/api/client.ts:41:11)
    at async requestWithAuth (lib/api/auth-fetch.ts:51:12)
    at async VentasPage.useCallback[loadSizes] (app/ventas/page.tsx:420:24)
  39 |
  40 |   if (!response.ok) {
> 41 |     throw new ApiError(getErrorMessage(body), response.status, body);
     |           ^
  42 |   }
  43 |
  44 |   return body as T;
[browser] ⨯ unhandledRejection: ApiError: Unauthorized
    at apiRequest (lib/api/client.ts:41:11)
    at async requestWithAuth (lib/api/auth-fetch.ts:51:12)
    at async VentasPage.useCallback[loadClients] (app/ventas/page.tsx:683:26)
  39 |
  40 |   if (!response.ok) {
> 41 |     throw new ApiError(getErrorMessage(body), response.status, body);
     |           ^
  42 |   }
  43 |
  44 |   return body as T;
[browser] The width(-1) and height(-1) of chart should be greater than 0,
       please check the style of container, or the props width(100%) and height(100%),
       or add a minWidth(0) or minHeight(undefined) or use aspect(undefined) to control the
       height and width.
[browser] The width(-1) and height(-1) of chart should be greater than 0,
       please check the style of container, or the props width(100%) and height(100%),
       or add a minWidth(0) or minHeight(undefined) or use aspect(undefined) to control the
       height and width.
[browser] The width(-1) and height(-1) of chart should be greater than 0,
       please check the style of container, or the props width(100%) and height(100%),
       or add a minWidth(0) or minHeight(undefined) or use aspect(undefined) to control the
       height and width.
[browser] The width(-1) and height(-1) of chart should be greater than 0,
       please check the style of container, or the props width(100%) and height(100%),
       or add a minWidth(0) or minHeight(undefined) or use aspect(undefined) to control the
       height and width.
[browser] The width(-1) and height(-1) of chart should be greater than 0,
       please check the style of container, or the props width(100%) and height(100%),
       or add a minWidth(0) or minHeight(undefined) or use aspect(undefined) to control the
       height and width.
[browser] The width(-1) and height(-1) of chart should be greater than 0,
       please check the style of container, or the props width(100%) and height(100%),
       or add a minWidth(0) or minHeight(undefined) or use aspect(undefined) to control the
       height and width.
[browser] The width(-1) and height(-1) of chart should be greater than 0,
       please check the style of container, or the props width(100%) and height(100%),
       or add a minWidth(0) or minHeight(undefined) or use aspect(undefined) to control the
       height and width.
[browser] The width(-1) and height(-1) of chart should be greater than 0,
       please check the style of container, or the props width(100%) and height(100%),
       or add a minWidth(0) or minHeight(undefined) or use aspect(undefined) to control the
       height and width.
[browser] ⨯ unhandledRejection: TypeError: Failed to fetch
    at apiRequest (lib/api/client.ts:32:26)
    at requestWithAuth (lib/api/auth-fetch.ts:51:28)
    at authFetch (lib/api/auth-fetch.ts:26:10)
    at Object.findAll (lib/api/colors.ts:61:21)
    at VentasPage.useCallback[loadColors] (app/ventas/page.tsx:402:40)
    at VentasPage.useEffect.timeoutId (app/ventas/page.tsx:488:12)
  30 |   }
  31 |
> 32 |   const response = await fetch(`${API_BASE_URL}${path}`, {
     |                          ^
  33 |     ...options,
  34 |     credentials: options.credentials ?? "include",
  35 |     headers,
[browser] ⨯ unhandledRejection: TypeError: Failed to fetch
    at apiRequest (lib/api/client.ts:32:26)
    at requestWithAuth (lib/api/auth-fetch.ts:51:28)
    at authFetch (lib/api/auth-fetch.ts:26:10)
    at Object.findAll (lib/api/sizes.ts:59:21)
    at VentasPage.useCallback[loadSizes] (app/ventas/page.tsx:422:39)
    at VentasPage.useEffect.timeoutId (app/ventas/page.tsx:496:12)
  30 |   }
  31 |
> 32 |   const response = await fetch(`${API_BASE_URL}${path}`, {
     |                          ^
  33 |     ...options,
  34 |     credentials: options.credentials ?? "include",
  35 |     headers,
[browser] ⨯ unhandledRejection: TypeError: Failed to fetch
    at apiRequest (lib/api/client.ts:32:26)
    at requestWithAuth (lib/api/auth-fetch.ts:51:28)
    at authFetch (lib/api/auth-fetch.ts:26:10)
    at Object.findAll (lib/api/clients.ts:110:21)
    at VentasPage.useCallback[loadClients] (app/ventas/page.tsx:685:43)
    at VentasPage.useEffect.timeoutId (app/ventas/page.tsx:706:12)
  30 |   }
  31 |
> 32 |   const response = await fetch(`${API_BASE_URL}${path}`, {
     |                          ^
  33 |     ...options,
  34 |     credentials: options.credentials ?? "include",
  35 |     headers,
[browser] ⨯ unhandledRejection: TypeError: Failed to fetch
    at apiRequest (lib/api/client.ts:32:26)
    at requestWithAuth (lib/api/auth-fetch.ts:51:28)
    at authFetch (lib/api/auth-fetch.ts:26:10)
    at Object.findAll (lib/api/colors.ts:61:21)
    at VentasPage.useCallback[loadColors] (app/ventas/page.tsx:402:40)
    at VentasPage.useEffect.timeoutId (app/ventas/page.tsx:488:12)
  30 |   }
  31 |
> 32 |   const response = await fetch(`${API_BASE_URL}${path}`, {
     |                          ^
  33 |     ...options,
  34 |     credentials: options.credentials ?? "include",
  35 |     headers,
[browser] ⨯ unhandledRejection: TypeError: Failed to fetch
    at apiRequest (lib/api/client.ts:32:26)
    at requestWithAuth (lib/api/auth-fetch.ts:51:28)
    at authFetch (lib/api/auth-fetch.ts:26:10)
    at Object.findAll (lib/api/sizes.ts:59:21)
    at VentasPage.useCallback[loadSizes] (app/ventas/page.tsx:422:39)
    at VentasPage.useEffect.timeoutId (app/ventas/page.tsx:496:12)
  30 |   }
  31 |
> 32 |   const response = await fetch(`${API_BASE_URL}${path}`, {
     |                          ^
  33 |     ...options,
  34 |     credentials: options.credentials ?? "include",
  35 |     headers,
[browser] ⨯ unhandledRejection: TypeError: Failed to fetch
    at apiRequest (lib/api/client.ts:32:26)
    at requestWithAuth (lib/api/auth-fetch.ts:51:28)
    at authFetch (lib/api/auth-fetch.ts:26:10)
    at Object.findAll (lib/api/clients.ts:110:21)
    at VentasPage.useCallback[loadClients] (app/ventas/page.tsx:685:43)
    at VentasPage.useEffect.timeoutId (app/ventas/page.tsx:706:12)
  30 |   }
  31 |
> 32 |   const response = await fetch(`${API_BASE_URL}${path}`, {
     |                          ^
  33 |     ...options,
  34 |     credentials: options.credentials ?? "include",
  35 |     headers,
[browser] Image with src "http://localhost:3001/Logo/norbitex_logo.svg" has either width or height modified, but not the other. If you use CSS to change the size of your image, also include the styles 'width: "auto"' or 'height: "auto"' to maintain the aspect ratio.
[browser] ⨯ unhandledRejection: TypeError: Failed to fetch
    at apiRequest (lib/api/client.ts:32:26)
    at requestWithAuth (lib/api/auth-fetch.ts:51:28)
    at authFetch (lib/api/auth-fetch.ts:26:10)
    at Object.findAll (lib/api/colors.ts:61:21)
    at VentasPage.useCallback[loadColors] (app/ventas/page.tsx:402:40)
    at VentasPage.useEffect.timeoutId (app/ventas/page.tsx:488:12)
  30 |   }
  31 |
> 32 |   const response = await fetch(`${API_BASE_URL}${path}`, {
     |                          ^
  33 |     ...options,
  34 |     credentials: options.credentials ?? "include",
  35 |     headers,
[browser] ⨯ unhandledRejection: TypeError: Failed to fetch
    at apiRequest (lib/api/client.ts:32:26)
    at requestWithAuth (lib/api/auth-fetch.ts:51:28)
    at authFetch (lib/api/auth-fetch.ts:26:10)
    at Object.findAll (lib/api/sizes.ts:59:21)
    at VentasPage.useCallback[loadSizes] (app/ventas/page.tsx:422:39)
    at VentasPage.useEffect.timeoutId (app/ventas/page.tsx:496:12)
  30 |   }
  31 |
> 32 |   const response = await fetch(`${API_BASE_URL}${path}`, {
     |                          ^
  33 |     ...options,
  34 |     credentials: options.credentials ?? "include",
  35 |     headers,
[browser] ⨯ unhandledRejection: TypeError: Failed to fetch
    at apiRequest (lib/api/client.ts:32:26)
    at requestWithAuth (lib/api/auth-fetch.ts:51:28)
    at authFetch (lib/api/auth-fetch.ts:26:10)
    at Object.findAll (lib/api/clients.ts:110:21)
    at VentasPage.useCallback[loadClients] (app/ventas/page.tsx:685:43)
    at VentasPage.useEffect.timeoutId (app/ventas/page.tsx:706:12)
  30 |   }
  31 |
> 32 |   const response = await fetch(`${API_BASE_URL}${path}`, {
     |                          ^
  33 |     ...options,
  34 |     credentials: options.credentials ?? "include",
  35 |     headers,
[browser] Image with src "http://localhost:3001/Logo/norbitex_logo.svg" has either width or height modified, but not the other. If you use CSS to change the size of your image, also include the styles 'width: "auto"' or 'height: "auto"' to maintain the aspect ratio.
[browser] The width(-1) and height(-1) of chart should be greater than 0,
       please check the style of container, or the props width(100%) and height(100%),
       or add a minWidth(0) or minHeight(undefined) or use aspect(undefined) to control the
       height and width.
[browser] The width(-1) and height(-1) of chart should be greater than 0,
       please check the style of container, or the props width(100%) and height(100%),
       or add a minWidth(0) or minHeight(undefined) or use aspect(undefined) to control the
       height and width.
[browser] The width(-1) and height(-1) of chart should be greater than 0,
       please check the style of container, or the props width(100%) and height(100%),
       or add a minWidth(0) or minHeight(undefined) or use aspect(undefined) to control the
       height and width.
[browser] The width(-1) and height(-1) of chart should be greater than 0,
       please check the style of container, or the props width(100%) and height(100%),
       or add a minWidth(0) or minHeight(undefined) or use aspect(undefined) to control the
       height and width.
[browser] The width(-1) and height(-1) of chart should be greater than 0,
       please check the style of container, or the props width(100%) and height(100%),
       or add a minWidth(0) or minHeight(undefined) or use aspect(undefined) to control the
       height and width.
[browser] The width(-1) and height(-1) of chart should be greater than 0,
       please check the style of container, or the props width(100%) and height(100%),
       or add a minWidth(0) or minHeight(undefined) or use aspect(undefined) to control the
       height and width.
[browser] The width(-1) and height(-1) of chart should be greater than 0,
       please check the style of container, or the props width(100%) and height(100%),
       or add a minWidth(0) or minHeight(undefined) or use aspect(undefined) to control the
       height and width.
[browser] The width(-1) and height(-1) of chart should be greater than 0,
       please check the style of container, or the props width(100%) and height(100%),
       or add a minWidth(0) or minHeight(undefined) or use aspect(undefined) to control the
       height and width.
[browser] The width(-1) and height(-1) of chart should be greater than 0,
       please check the style of container, or the props width(100%) and height(100%),
       or add a minWidth(0) or minHeight(undefined) or use aspect(undefined) to control the
       height and width.
[browser] The width(-1) and height(-1) of chart should be greater than 0,
       please check the style of container, or the props width(100%) and height(100%),
       or add a minWidth(0) or minHeight(undefined) or use aspect(undefined) to control the
       height and width.
[browser] The width(-1) and height(-1) of chart should be greater than 0,
       please check the style of container, or the props width(100%) and height(100%),
       or add a minWidth(0) or minHeight(undefined) or use aspect(undefined) to control the
       height and width.
[browser] The width(-1) and height(-1) of chart should be greater than 0,
       please check the style of container, or the props width(100%) and height(100%),
       or add a minWidth(0) or minHeight(undefined) or use aspect(undefined) to control the
       height and width.
[browser] The width(-1) and height(-1) of chart should be greater than 0,
       please check the style of container, or the props width(100%) and height(100%),
       or add a minWidth(0) or minHeight(undefined) or use aspect(undefined) to control the
       height and width.
[browser] The width(-1) and height(-1) of chart should be greater than 0,
       please check the style of container, or the props width(100%) and height(100%),
       or add a minWidth(0) or minHeight(undefined) or use aspect(undefined) to control the
       height and width.
[browser] The width(-1) and height(-1) of chart should be greater than 0,
       please check the style of container, or the props width(100%) and height(100%),
       or add a minWidth(0) or minHeight(undefined) or use aspect(undefined) to control the
       height and width.
[browser] The width(-1) and height(-1) of chart should be greater than 0,
       please check the style of container, or the props width(100%) and height(100%),
       or add a minWidth(0) or minHeight(undefined) or use aspect(undefined) to control the
       height and width.
[browser] The width(-1) and height(-1) of chart should be greater than 0,
       please check the style of container, or the props width(100%) and height(100%),
       or add a minWidth(0) or minHeight(undefined) or use aspect(undefined) to control the
       height and width.
[browser] The width(-1) and height(-1) of chart should be greater than 0,
       please check the style of container, or the props width(100%) and height(100%),
       or add a minWidth(0) or minHeight(undefined) or use aspect(undefined) to control the
       height and width.
[browser] The width(-1) and height(-1) of chart should be greater than 0,
       please check the style of container, or the props width(100%) and height(100%),
       or add a minWidth(0) or minHeight(undefined) or use aspect(undefined) to control the
       height and width.
[browser] The width(-1) and height(-1) of chart should be greater than 0,
       please check the style of container, or the props width(100%) and height(100%),
       or add a minWidth(0) or minHeight(undefined) or use aspect(undefined) to control the
       height and width.
[browser] The width(-1) and height(-1) of chart should be greater than 0,
       please check the style of container, or the props width(100%) and height(100%),
       or add a minWidth(0) or minHeight(undefined) or use aspect(undefined) to control the
       height and width.
[browser] The width(-1) and height(-1) of chart should be greater than 0,
       please check the style of container, or the props width(100%) and height(100%),
       or add a minWidth(0) or minHeight(undefined) or use aspect(undefined) to control the
       height and width.
[browser] The width(-1) and height(-1) of chart should be greater than 0,
       please check the style of container, or the props width(100%) and height(100%),
       or add a minWidth(0) or minHeight(undefined) or use aspect(undefined) to control the
       height and width.
[browser] The width(-1) and height(-1) of chart should be greater than 0,
       please check the style of container, or the props width(100%) and height(100%),
       or add a minWidth(0) or minHeight(undefined) or use aspect(undefined) to control the
       height and width.
[browser] The width(-1) and height(-1) of chart should be greater than 0,
       please check the style of container, or the props width(100%) and height(100%),
       or add a minWidth(0) or minHeight(undefined) or use aspect(undefined) to control the
       height and width.
[browser] The width(-1) and height(-1) of chart should be greater than 0,
       please check the style of container, or the props width(100%) and height(100%),
       or add a minWidth(0) or minHeight(undefined) or use aspect(undefined) to control the
       height and width.
[browser] The width(-1) and height(-1) of chart should be greater than 0,
       please check the style of container, or the props width(100%) and height(100%),
       or add a minWidth(0) or minHeight(undefined) or use aspect(undefined) to control the
       height and width.
[browser] The width(-1) and height(-1) of chart should be greater than 0,
       please check the style of container, or the props width(100%) and height(100%),
       or add a minWidth(0) or minHeight(undefined) or use aspect(undefined) to control the
       height and width.
[browser] The width(-1) and height(-1) of chart should be greater than 0,
       please check the style of container, or the props width(100%) and height(100%),
       or add a minWidth(0) or minHeight(undefined) or use aspect(undefined) to control the
       height and width.
[browser] The width(-1) and height(-1) of chart should be greater than 0,
       please check the style of container, or the props width(100%) and height(100%),
       or add a minWidth(0) or minHeight(undefined) or use aspect(undefined) to control the
       height and width.
[browser] The width(-1) and height(-1) of chart should be greater than 0,
       please check the style of container, or the props width(100%) and height(100%),
       or add a minWidth(0) or minHeight(undefined) or use aspect(undefined) to control the
       height and width.
[browser] The width(-1) and height(-1) of chart should be greater than 0,
       please check the style of container, or the props width(100%) and height(100%),
       or add a minWidth(0) or minHeight(undefined) or use aspect(undefined) to control the
       height and width.
[browser] The width(-1) and height(-1) of chart should be greater than 0,
       please check the style of container, or the props width(100%) and height(100%),
       or add a minWidth(0) or minHeight(undefined) or use aspect(undefined) to control the
       height and width.
[browser] The width(-1) and height(-1) of chart should be greater than 0,
       please check the style of container, or the props width(100%) and height(100%),
       or add a minWidth(0) or minHeight(undefined) or use aspect(undefined) to control the
       height and width.
[browser] The width(-1) and height(-1) of chart should be greater than 0,
       please check the style of container, or the props width(100%) and height(100%),
       or add a minWidth(0) or minHeight(undefined) or use aspect(undefined) to control the
       height and width.
[browser] The width(-1) and height(-1) of chart should be greater than 0,
       please check the style of container, or the props width(100%) and height(100%),
       or add a minWidth(0) or minHeight(undefined) or use aspect(undefined) to control the
       height and width.
[browser] The width(-1) and height(-1) of chart should be greater than 0,
       please check the style of container, or the props width(100%) and height(100%),
       or add a minWidth(0) or minHeight(undefined) or use aspect(undefined) to control the
       height and width.
[browser] The width(-1) and height(-1) of chart should be greater than 0,
       please check the style of container, or the props width(100%) and height(100%),
       or add a minWidth(0) or minHeight(undefined) or use aspect(undefined) to control the
       height and width.
[browser] The width(-1) and height(-1) of chart should be greater than 0,
       please check the style of container, or the props width(100%) and height(100%),
       or add a minWidth(0) or minHeight(undefined) or use aspect(undefined) to control the
       height and width.
[browser] The width(-1) and height(-1) of chart should be greater than 0,
       please check the style of container, or the props width(100%) and height(100%),
       or add a minWidth(0) or minHeight(undefined) or use aspect(undefined) to control the
       height and width.
[browser] The width(-1) and height(-1) of chart should be greater than 0,
       please check the style of container, or the props width(100%) and height(100%),
       or add a minWidth(0) or minHeight(undefined) or use aspect(undefined) to control the
       height and width.
[browser] The width(-1) and height(-1) of chart should be greater than 0,
       please check the style of container, or the props width(100%) and height(100%),
       or add a minWidth(0) or minHeight(undefined) or use aspect(undefined) to control the
       height and width.
[browser] The width(-1) and height(-1) of chart should be greater than 0,
       please check the style of container, or the props width(100%) and height(100%),
       or add a minWidth(0) or minHeight(undefined) or use aspect(undefined) to control the
       height and width.
[browser] The width(-1) and height(-1) of chart should be greater than 0,
       please check the style of container, or the props width(100%) and height(100%),
       or add a minWidth(0) or minHeight(undefined) or use aspect(undefined) to control the
       height and width.
[browser] The width(-1) and height(-1) of chart should be greater than 0,
       please check the style of container, or the props width(100%) and height(100%),
       or add a minWidth(0) or minHeight(undefined) or use aspect(undefined) to control the
       height and width.
[browser] The width(-1) and height(-1) of chart should be greater than 0,
       please check the style of container, or the props width(100%) and height(100%),
       or add a minWidth(0) or minHeight(undefined) or use aspect(undefined) to control the
       height and width.
[browser] The width(-1) and height(-1) of chart should be greater than 0,
       please check the style of container, or the props width(100%) and height(100%),
       or add a minWidth(0) or minHeight(undefined) or use aspect(undefined) to control the
       height and width.
[browser] The width(-1) and height(-1) of chart should be greater than 0,
       please check the style of container, or the props width(100%) and height(100%),
       or add a minWidth(0) or minHeight(undefined) or use aspect(undefined) to control the
       height and width.
[browser] The width(-1) and height(-1) of chart should be greater than 0,
       please check the style of container, or the props width(100%) and height(100%),
       or add a minWidth(0) or minHeight(undefined) or use aspect(undefined) to control the
       height and width.
[browser] The width(-1) and height(-1) of chart should be greater than 0,
       please check the style of container, or the props width(100%) and height(100%),
       or add a minWidth(0) or minHeight(undefined) or use aspect(undefined) to control the
       height and width.
[browser] The width(-1) and height(-1) of chart should be greater than 0,
       please check the style of container, or the props width(100%) and height(100%),
       or add a minWidth(0) or minHeight(undefined) or use aspect(undefined) to control the
       height and width.
[browser] The width(-1) and height(-1) of chart should be greater than 0,
       please check the style of container, or the props width(100%) and height(100%),
       or add a minWidth(0) or minHeight(undefined) or use aspect(undefined) to control the
       height and width.
[browser] The width(-1) and height(-1) of chart should be greater than 0,
       please check the style of container, or the props width(100%) and height(100%),
       or add a minWidth(0) or minHeight(undefined) or use aspect(undefined) to control the
       height and width.
[browser] The width(-1) and height(-1) of chart should be greater than 0,
       please check the style of container, or the props width(100%) and height(100%),
       or add a minWidth(0) or minHeight(undefined) or use aspect(undefined) to control the
       height and width.
[browser] Image with src "https://pub-5fbe646472384dcea7faa57c6d3b183c.r2.dev/products/empresa-1/producto-10/color-28/012da399-5116-432c-8a85-e117eae375df/thumb.webp" has either width or height modified, but not the other. If you use CSS to change the size of your image, also include the styles 'width: "auto"' or 'height: "auto"' to maintain the aspect ratio.
[browser] Image with src "https://pub-5fbe646472384dcea7faa57c6d3b183c.r2.dev/products/empresa-1/producto-8/color-23/acf6c396-aad9-499d-8db5-0ecf9c340d43/thumb.webp" has either width or height modified, but not the other. If you use CSS to change the size of your image, also include the styles 'width: "auto"' or 'height: "auto"' to maintain the aspect ratio.
[browser] Image with src "https://pub-5fbe646472384dcea7faa57c6d3b183c.r2.dev/products/empresa-1/producto-2/color-24/7bc0c089-4416-4c2c-973f-6db664481e81/thumb.webp" has either width or height modified, but not the other. If you use CSS to change the size of your image, also include the styles 'width: "auto"' or 'height: "auto"' to maintain the aspect ratio.
[browser] Image with src "https://pub-5fbe646472384dcea7faa57c6d3b183c.r2.dev/products/empresa-1/producto-13/color-197/70a3c22e-6f1d-4118-abe7-1e85d9357553/thumb.webp" has either width or height modified, but not the other. If you use CSS to change the size of your image, also include the styles 'width: "auto"' or 'height: "auto"' to maintain the aspect ratio.
[browser] Uncaught Error: Invalid src prop (https://pub-5fbe646472384dcea7faa57c6d3b183c.r2.dev/products/empresa-1/producto-8/color-23/acf6c396-aad9-499d-8db5-0ecf9c340d43/thumb.webp) on `next/image`, hostname "pub-5fbe646472384dcea7faa57c6d3b183c.r2.dev" is not configured under images in your `next.config.js`
See more info: https://nextjs.org/docs/messages/next-image-unconfigured-host
    at Array.map (<anonymous>)
    at <unknown> (components/Ventas/product-variant-modal.tsx:114:23)
    at Array.map (<anonymous>)
    at ProductVariantModal (components/Ventas/product-variant-modal.tsx:90:28)
    at VentasPage (app/ventas/page.tsx:2059:9)
  112 |                   <span className="flex h-12 w-12 shrink-0 items-center justify-center ov...
  113 |                     {image ? (
> 114 |                       <Image
      |                       ^
  115 |                         src={image}
  116 |                         alt={product.nombre}
  117 |                         width={48}
⚠ Fast Refresh had to perform a full reload due to a runtime error.
⚠ Fast Refresh had to perform a full reload due to a runtime error.
[browser] Image with src "http://localhost:3001/Logo/norbitex_logo.svg" has either width or height modified, but not the other. If you use CSS to change the size of your image, also include the styles 'width: "auto"' or 'height: "auto"' to maintain the aspect ratio.
[browser] ⨯ unhandledRejection: ApiError: Unauthorized
    at apiRequest (lib/api/client.ts:41:11)
    at async requestWithAuth (lib/api/auth-fetch.ts:51:12)
    at async VentasPage.useCallback[loadColors] (app/ventas/page.tsx:400:24)
  39 |
  40 |   if (!response.ok) {
> 41 |     throw new ApiError(getErrorMessage(body), response.status, body);
     |           ^
  42 |   }
  43 |
  44 |   return body as T;
[browser] ⨯ unhandledRejection: ApiError: Unauthorized
    at apiRequest (lib/api/client.ts:41:11)
    at async requestWithAuth (lib/api/auth-fetch.ts:51:12)
    at async VentasPage.useCallback[loadSizes] (app/ventas/page.tsx:420:24)
  39 |
  40 |   if (!response.ok) {
> 41 |     throw new ApiError(getErrorMessage(body), response.status, body);
     |           ^
  42 |   }
  43 |
  44 |   return body as T;
[browser] ⨯ unhandledRejection: ApiError: Unauthorized
    at apiRequest (lib/api/client.ts:41:11)
    at async requestWithAuth (lib/api/auth-fetch.ts:51:12)
    at async VentasPage.useCallback[loadClients] (app/ventas/page.tsx:683:26)
  39 |
  40 |   if (!response.ok) {
> 41 |     throw new ApiError(getErrorMessage(body), response.status, body);
     |           ^
  42 |   }
  43 |
  44 |   return body as T;
[browser] Image with src "http://localhost:3001/Logo/norbitex_logo.svg" has either width or height modified, but not the other. If you use CSS to change the size of your image, also include the styles 'width: "auto"' or 'height: "auto"' to maintain the aspect ratio.
[browser] The width(-1) and height(-1) of chart should be greater than 0,
       please check the style of container, or the props width(100%) and height(100%),
       or add a minWidth(0) or minHeight(undefined) or use aspect(undefined) to control the
       height and width.
[browser] The width(-1) and height(-1) of chart should be greater than 0,
       please check the style of container, or the props width(100%) and height(100%),
       or add a minWidth(0) or minHeight(undefined) or use aspect(undefined) to control the
       height and width.
[browser] The width(-1) and height(-1) of chart should be greater than 0,
       please check the style of container, or the props width(100%) and height(100%),
       or add a minWidth(0) or minHeight(undefined) or use aspect(undefined) to control the
       height and width.
[browser] The width(-1) and height(-1) of chart should be greater than 0,
       please check the style of container, or the props width(100%) and height(100%),
       or add a minWidth(0) or minHeight(undefined) or use aspect(undefined) to control the
       height and width.
[browser] The width(-1) and height(-1) of chart should be greater than 0,
       please check the style of container, or the props width(100%) and height(100%),
       or add a minWidth(0) or minHeight(undefined) or use aspect(undefined) to control the
       height and width.
[browser] The width(-1) and height(-1) of chart should be greater than 0,
       please check the style of container, or the props width(100%) and height(100%),
       or add a minWidth(0) or minHeight(undefined) or use aspect(undefined) to control the
       height and width.
[browser] The width(-1) and height(-1) of chart should be greater than 0,
       please check the style of container, or the props width(100%) and height(100%),
       or add a minWidth(0) or minHeight(undefined) or use aspect(undefined) to control the
       height and width.
[browser] The width(-1) and height(-1) of chart should be greater than 0,
       please check the style of container, or the props width(100%) and height(100%),
       or add a minWidth(0) or minHeight(undefined) or use aspect(undefined) to control the
       height and width.
[browser] The width(-1) and height(-1) of chart should be greater than 0,
       please check the style of container, or the props width(100%) and height(100%),
       or add a minWidth(0) or minHeight(undefined) or use aspect(undefined) to control the
       height and width.
[browser] The width(-1) and height(-1) of chart should be greater than 0,
       please check the style of container, or the props width(100%) and height(100%),
       or add a minWidth(0) or minHeight(undefined) or use aspect(undefined) to control the
       height and width.
[browser] The width(-1) and height(-1) of chart should be greater than 0,
       please check the style of container, or the props width(100%) and height(100%),
       or add a minWidth(0) or minHeight(undefined) or use aspect(undefined) to control the
       height and width.
[browser] The width(-1) and height(-1) of chart should be greater than 0,
       please check the style of container, or the props width(100%) and height(100%),
       or add a minWidth(0) or minHeight(undefined) or use aspect(undefined) to control the
       height and width.
[browser] The width(-1) and height(-1) of chart should be greater than 0,
       please check the style of container, or the props width(100%) and height(100%),
       or add a minWidth(0) or minHeight(undefined) or use aspect(undefined) to control the
       height and width.
[browser] The width(-1) and height(-1) of chart should be greater than 0,
       please check the style of container, or the props width(100%) and height(100%),
       or add a minWidth(0) or minHeight(undefined) or use aspect(undefined) to control the
       height and width.
[browser] The width(-1) and height(-1) of chart should be greater than 0,
       please check the style of container, or the props width(100%) and height(100%),
       or add a minWidth(0) or minHeight(undefined) or use aspect(undefined) to control the
       height and width.
[browser] The width(-1) and height(-1) of chart should be greater than 0,
       please check the style of container, or the props width(100%) and height(100%),
       or add a minWidth(0) or minHeight(undefined) or use aspect(undefined) to control the
       height and width.
[browser] The width(-1) and height(-1) of chart should be greater than 0,
       please check the style of container, or the props width(100%) and height(100%),
       or add a minWidth(0) or minHeight(undefined) or use aspect(undefined) to control the
       height and width.
[browser] The width(-1) and height(-1) of chart should be greater than 0,
       please check the style of container, or the props width(100%) and height(100%),
       or add a minWidth(0) or minHeight(undefined) or use aspect(undefined) to control the
       height and width.
[browser] The width(-1) and height(-1) of chart should be greater than 0,
       please check the style of container, or the props width(100%) and height(100%),
       or add a minWidth(0) or minHeight(undefined) or use aspect(undefined) to control the
       height and width.
[browser] The width(-1) and height(-1) of chart should be greater than 0,
       please check the style of container, or the props width(100%) and height(100%),
       or add a minWidth(0) or minHeight(undefined) or use aspect(undefined) to control the
       height and width.
[browser] The width(-1) and height(-1) of chart should be greater than 0,
       please check the style of container, or the props width(100%) and height(100%),
       or add a minWidth(0) or minHeight(undefined) or use aspect(undefined) to control the
       height and width.
[browser] The width(-1) and height(-1) of chart should be greater than 0,
       please check the style of container, or the props width(100%) and height(100%),
       or add a minWidth(0) or minHeight(undefined) or use aspect(undefined) to control the
       height and width.
[browser] The width(-1) and height(-1) of chart should be greater than 0,
       please check the style of container, or the props width(100%) and height(100%),
       or add a minWidth(0) or minHeight(undefined) or use aspect(undefined) to control the
       height and width.
[browser] The width(-1) and height(-1) of chart should be greater than 0,
       please check the style of container, or the props width(100%) and height(100%),
       or add a minWidth(0) or minHeight(undefined) or use aspect(undefined) to control the
       height and width.
[browser] The width(-1) and height(-1) of chart should be greater than 0,
       please check the style of container, or the props width(100%) and height(100%),
       or add a minWidth(0) or minHeight(undefined) or use aspect(undefined) to control the
       height and width.
[browser] The width(-1) and height(-1) of chart should be greater than 0,
       please check the style of container, or the props width(100%) and height(100%),
       or add a minWidth(0) or minHeight(undefined) or use aspect(undefined) to control the
       height and width.
[browser] The width(-1) and height(-1) of chart should be greater than 0,
       please check the style of container, or the props width(100%) and height(100%),
       or add a minWidth(0) or minHeight(undefined) or use aspect(undefined) to control the
       height and width.
[browser] The width(-1) and height(-1) of chart should be greater than 0,
       please check the style of container, or the props width(100%) and height(100%),
       or add a minWidth(0) or minHeight(undefined) or use aspect(undefined) to control the
       height and width.
[browser] The width(-1) and height(-1) of chart should be greater than 0,
       please check the style of container, or the props width(100%) and height(100%),
       or add a minWidth(0) or minHeight(undefined) or use aspect(undefined) to control the
       height and width.
[browser] The width(-1) and height(-1) of chart should be greater than 0,
       please check the style of container, or the props width(100%) and height(100%),
       or add a minWidth(0) or minHeight(undefined) or use aspect(undefined) to control the
       height and width.
[browser] The width(-1) and height(-1) of chart should be greater than 0,
       please check the style of container, or the props width(100%) and height(100%),
       or add a minWidth(0) or minHeight(undefined) or use aspect(undefined) to control the
       height and width.
[browser] The width(-1) and height(-1) of chart should be greater than 0,
       please check the style of container, or the props width(100%) and height(100%),
       or add a minWidth(0) or minHeight(undefined) or use aspect(undefined) to control the
       height and width.
[browser] The width(-1) and height(-1) of chart should be greater than 0,
       please check the style of container, or the props width(100%) and height(100%),
       or add a minWidth(0) or minHeight(undefined) or use aspect(undefined) to control the
       height and width.
[browser] The width(-1) and height(-1) of chart should be greater than 0,
       please check the style of container, or the props width(100%) and height(100%),
       or add a minWidth(0) or minHeight(undefined) or use aspect(undefined) to control the
       height and width.
[browser] The width(-1) and height(-1) of chart should be greater than 0,
       please check the style of container, or the props width(100%) and height(100%),
       or add a minWidth(0) or minHeight(undefined) or use aspect(undefined) to control the
       height and width.
[browser] The width(-1) and height(-1) of chart should be greater than 0,
       please check the style of container, or the props width(100%) and height(100%),
       or add a minWidth(0) or minHeight(undefined) or use aspect(undefined) to control the
       height and width.
[browser] The width(-1) and height(-1) of chart should be greater than 0,
       please check the style of container, or the props width(100%) and height(100%),
       or add a minWidth(0) or minHeight(undefined) or use aspect(undefined) to control the
       height and width.
[browser] The width(-1) and height(-1) of chart should be greater than 0,
       please check the style of container, or the props width(100%) and height(100%),
       or add a minWidth(0) or minHeight(undefined) or use aspect(undefined) to control the
       height and width.
[browser] The width(-1) and height(-1) of chart should be greater than 0,
       please check the style of container, or the props width(100%) and height(100%),
       or add a minWidth(0) or minHeight(undefined) or use aspect(undefined) to control the
       height and width.
[browser] The width(-1) and height(-1) of chart should be greater than 0,
       please check the style of container, or the props width(100%) and height(100%),
       or add a minWidth(0) or minHeight(undefined) or use aspect(undefined) to control the
       height and width.
[browser] The width(-1) and height(-1) of chart should be greater than 0,
       please check the style of container, or the props width(100%) and height(100%),
       or add a minWidth(0) or minHeight(undefined) or use aspect(undefined) to control the
       height and width.
[browser] The width(-1) and height(-1) of chart should be greater than 0,
       please check the style of container, or the props width(100%) and height(100%),
       or add a minWidth(0) or minHeight(undefined) or use aspect(undefined) to control the
       height and width.
[browser] The width(-1) and height(-1) of chart should be greater than 0,
       please check the style of container, or the props width(100%) and height(100%),
       or add a minWidth(0) or minHeight(undefined) or use aspect(undefined) to control the
       height and width.
[browser] The width(-1) and height(-1) of chart should be greater than 0,
       please check the style of container, or the props width(100%) and height(100%),
       or add a minWidth(0) or minHeight(undefined) or use aspect(undefined) to control the
       height and width.
[browser] The width(-1) and height(-1) of chart should be greater than 0,
       please check the style of container, or the props width(100%) and height(100%),
       or add a minWidth(0) or minHeight(undefined) or use aspect(undefined) to control the
       height and width.
[browser] The width(-1) and height(-1) of chart should be greater than 0,
       please check the style of container, or the props width(100%) and height(100%),
       or add a minWidth(0) or minHeight(undefined) or use aspect(undefined) to control the
       height and width.
[browser] The width(-1) and height(-1) of chart should be greater than 0,
       please check the style of container, or the props width(100%) and height(100%),
       or add a minWidth(0) or minHeight(undefined) or use aspect(undefined) to control the
       height and width.
[browser] The width(-1) and height(-1) of chart should be greater than 0,
       please check the style of container, or the props width(100%) and height(100%),
       or add a minWidth(0) or minHeight(undefined) or use aspect(undefined) to control the
       height and width.
[browser] The width(-1) and height(-1) of chart should be greater than 0,
       please check the style of container, or the props width(100%) and height(100%),
       or add a minWidth(0) or minHeight(undefined) or use aspect(undefined) to control the
       height and width.
[browser] The width(-1) and height(-1) of chart should be greater than 0,
       please check the style of container, or the props width(100%) and height(100%),
       or add a minWidth(0) or minHeight(undefined) or use aspect(undefined) to control the
       height and width.
[browser] The width(-1) and height(-1) of chart should be greater than 0,
       please check the style of container, or the props width(100%) and height(100%),
       or add a minWidth(0) or minHeight(undefined) or use aspect(undefined) to control the
       height and width.
[browser] The width(-1) and height(-1) of chart should be greater than 0,
       please check the style of container, or the props width(100%) and height(100%),
       or add a minWidth(0) or minHeight(undefined) or use aspect(undefined) to control the
       height and width.
[browser] The width(-1) and height(-1) of chart should be greater than 0,
       please check the style of container, or the props width(100%) and height(100%),
       or add a minWidth(0) or minHeight(undefined) or use aspect(undefined) to control the
       height and width.
[browser] The width(-1) and height(-1) of chart should be greater than 0,
       please check the style of container, or the props width(100%) and height(100%),
       or add a minWidth(0) or minHeight(undefined) or use aspect(undefined) to control the
       height and width.
[browser] The width(-1) and height(-1) of chart should be greater than 0,
       please check the style of container, or the props width(100%) and height(100%),
       or add a minWidth(0) or minHeight(undefined) or use aspect(undefined) to control the
       height and width.
[browser] The width(-1) and height(-1) of chart should be greater than 0,
       please check the style of container, or the props width(100%) and height(100%),
       or add a minWidth(0) or minHeight(undefined) or use aspect(undefined) to control the
       height and width.
[browser] The width(-1) and height(-1) of chart should be greater than 0,
       please check the style of container, or the props width(100%) and height(100%),
       or add a minWidth(0) or minHeight(undefined) or use aspect(undefined) to control the
       height and width.
[browser] The width(-1) and height(-1) of chart should be greater than 0,
       please check the style of container, or the props width(100%) and height(100%),
       or add a minWidth(0) or minHeight(undefined) or use aspect(undefined) to control the
       height and width.
[browser] The width(-1) and height(-1) of chart should be greater than 0,
       please check the style of container, or the props width(100%) and height(100%),
       or add a minWidth(0) or minHeight(undefined) or use aspect(undefined) to control the
       height and width.
[browser] The width(-1) and height(-1) of chart should be greater than 0,
       please check the style of container, or the props width(100%) and height(100%),
       or add a minWidth(0) or minHeight(undefined) or use aspect(undefined) to control the
       height and width.
[browser] The width(-1) and height(-1) of chart should be greater than 0,
       please check the style of container, or the props width(100%) and height(100%),
       or add a minWidth(0) or minHeight(undefined) or use aspect(undefined) to control the
       height and width.
[browser] The width(-1) and height(-1) of chart should be greater than 0,
       please check the style of container, or the props width(100%) and height(100%),
       or add a minWidth(0) or minHeight(undefined) or use aspect(undefined) to control the
       height and width.
[browser] The width(-1) and height(-1) of chart should be greater than 0,
       please check the style of container, or the props width(100%) and height(100%),
       or add a minWidth(0) or minHeight(undefined) or use aspect(undefined) to control the
       height and width.
[browser] The width(-1) and height(-1) of chart should be greater than 0,
       please check the style of container, or the props width(100%) and height(100%),
       or add a minWidth(0) or minHeight(undefined) or use aspect(undefined) to control the
       height and width.
[browser] The width(-1) and height(-1) of chart should be greater than 0,
       please check the style of container, or the props width(100%) and height(100%),
       or add a minWidth(0) or minHeight(undefined) or use aspect(undefined) to control the
       height and width.
[browser] The width(-1) and height(-1) of chart should be greater than 0,
       please check the style of container, or the props width(100%) and height(100%),
       or add a minWidth(0) or minHeight(undefined) or use aspect(undefined) to control the
       height and width.
[browser] The width(-1) and height(-1) of chart should be greater than 0,
       please check the style of container, or the props width(100%) and height(100%),
       or add a minWidth(0) or minHeight(undefined) or use aspect(undefined) to control the
       height and width.
[browser] The width(-1) and height(-1) of chart should be greater than 0,
       please check the style of container, or the props width(100%) and height(100%),
       or add a minWidth(0) or minHeight(undefined) or use aspect(undefined) to control the
       height and width.
[browser] The width(-1) and height(-1) of chart should be greater than 0,
       please check the style of container, or the props width(100%) and height(100%),
       or add a minWidth(0) or minHeight(undefined) or use aspect(undefined) to control the
       height and width.
[browser] The width(-1) and height(-1) of chart should be greater than 0,
       please check the style of container, or the props width(100%) and height(100%),
       or add a minWidth(0) or minHeight(undefined) or use aspect(undefined) to control the
       height and width.
[browser] The width(-1) and height(-1) of chart should be greater than 0,
       please check the style of container, or the props width(100%) and height(100%),
       or add a minWidth(0) or minHeight(undefined) or use aspect(undefined) to control the
       height and width.
[browser] The width(-1) and height(-1) of chart should be greater than 0,
       please check the style of container, or the props width(100%) and height(100%),
       or add a minWidth(0) or minHeight(undefined) or use aspect(undefined) to control the
       height and width.
[browser] The width(-1) and height(-1) of chart should be greater than 0,
       please check the style of container, or the props width(100%) and height(100%),
       or add a minWidth(0) or minHeight(undefined) or use aspect(undefined) to control the
       height and width.
[browser] The width(-1) and height(-1) of chart should be greater than 0,
       please check the style of container, or the props width(100%) and height(100%),
       or add a minWidth(0) or minHeight(undefined) or use aspect(undefined) to control the
       height and width.
[browser] The width(-1) and height(-1) of chart should be greater than 0,
       please check the style of container, or the props width(100%) and height(100%),
       or add a minWidth(0) or minHeight(undefined) or use aspect(undefined) to control the
       height and width.
[browser] The width(-1) and height(-1) of chart should be greater than 0,
       please check the style of container, or the props width(100%) and height(100%),
       or add a minWidth(0) or minHeight(undefined) or use aspect(undefined) to control the
       height and width.
[browser] The width(-1) and height(-1) of chart should be greater than 0,
       please check the style of container, or the props width(100%) and height(100%),
       or add a minWidth(0) or minHeight(undefined) or use aspect(undefined) to control the
       height and width.
[browser] The width(-1) and height(-1) of chart should be greater than 0,
       please check the style of container, or the props width(100%) and height(100%),
       or add a minWidth(0) or minHeight(undefined) or use aspect(undefined) to control the
       height and width.
[browser] The width(-1) and height(-1) of chart should be greater than 0,
       please check the style of container, or the props width(100%) and height(100%),
       or add a minWidth(0) or minHeight(undefined) or use aspect(undefined) to control the
       height and width.
[browser] The width(-1) and height(-1) of chart should be greater than 0,
       please check the style of container, or the props width(100%) and height(100%),
       or add a minWidth(0) or minHeight(undefined) or use aspect(undefined) to control the
       height and width.
[browser] The width(-1) and height(-1) of chart should be greater than 0,
       please check the style of container, or the props width(100%) and height(100%),
       or add a minWidth(0) or minHeight(undefined) or use aspect(undefined) to control the
       height and width.
[browser] The width(-1) and height(-1) of chart should be greater than 0,
       please check the style of container, or the props width(100%) and height(100%),
       or add a minWidth(0) or minHeight(undefined) or use aspect(undefined) to control the
       height and width.
[browser] The width(-1) and height(-1) of chart should be greater than 0,
       please check the style of container, or the props width(100%) and height(100%),
       or add a minWidth(0) or minHeight(undefined) or use aspect(undefined) to control the
       height and width.
[browser] The width(-1) and height(-1) of chart should be greater than 0,
       please check the style of container, or the props width(100%) and height(100%),
       or add a minWidth(0) or minHeight(undefined) or use aspect(undefined) to control the
       height and width.
[browser] Image with src "https://pub-5fbe646472384dcea7faa57c6d3b183c.r2.dev/products/empresa-1/producto-10/color-28/012da399-5116-432c-8a85-e117eae375df/thumb.webp" has either width or height modified, but not the other. If you use CSS to change the size of your image, also include the styles 'width: "auto"' or 'height: "auto"' to maintain the aspect ratio.
[browser] Image with src "https://pub-5fbe646472384dcea7faa57c6d3b183c.r2.dev/products/empresa-1/producto-8/color-23/acf6c396-aad9-499d-8db5-0ecf9c340d43/thumb.webp" has either width or height modified, but not the other. If you use CSS to change the size of your image, also include the styles 'width: "auto"' or 'height: "auto"' to maintain the aspect ratio.
[browser] Image with src "https://pub-5fbe646472384dcea7faa57c6d3b183c.r2.dev/products/empresa-1/producto-2/color-24/7bc0c089-4416-4c2c-973f-6db664481e81/thumb.webp" has either width or height modified, but not the other. If you use CSS to change the size of your image, also include the styles 'width: "auto"' or 'height: "auto"' to maintain the aspect ratio.
[browser] Image with src "https://pub-5fbe646472384dcea7faa57c6d3b183c.r2.dev/products/empresa-1/producto-13/color-197/70a3c22e-6f1d-4118-abe7-1e85d9357553/thumb.webp" has either width or height modified, but not the other. If you use CSS to change the size of your image, also include the styles 'width: "auto"' or 'height: "auto"' to maintain the aspect ratio.
⨯ ./app/ventas/page.tsx:58:1
Module not found: Can't resolve '@/components/Ventas/product-variant-modal'
  [90m56 |[0m [36mimport[0m { [33mChargeModal[0m } [36mfrom[0m [32m"@/components/Ventas/charge-modal"[0m;
  [90m57 |[0m [36mimport[0m { [33mCartPriceModal[0m } [36mfrom[0m [32m"@/components/Ventas/cart-price-modal"[0m;
[31m[1m>[0m [90m58 |[0m [36mimport[0m { [33mProductVariantModal[0m } [36mfrom[0m [32m"@/components/Ventas/product-variant-modal"[0m;
  [90m   |[0m [31m[1m^^^^^^^^^^^^^^^^^^^^^^^^^^^^^^^^^^^^^^^^^^^^^^^^^^^^^^^^^^^^^^^^^^^^^^^^^^^^^^^^[0m
  [90m59 |[0m [36mimport[0m {
  [90m60 |[0m   [33mCashMovementModal[0m,
  [90m61 |[0m   [33mCloseCashRegisterModal[0m,

Import map: aliased to relative './components/Ventas/product-variant-modal' inside of [project]/


Import traces:
  Client Component Browser:
    ./app/ventas/page.tsx [Client Component Browser]
    ./app/ventas/page.tsx [Server Component]

  Client Component SSR:
    ./app/ventas/page.tsx [Client Component SSR]
    ./app/ventas/page.tsx [Server Component]

https://nextjs.org/docs/messages/module-not-found


⨯ ./app/ventas/page.tsx:58:1
Module not found: Can't resolve '@/components/Ventas/product-variant-modal'
  [90m56 |[0m [36mimport[0m { [33mChargeModal[0m } [36mfrom[0m [32m"@/components/Ventas/charge-modal"[0m;
  [90m57 |[0m [36mimport[0m { [33mCartPriceModal[0m } [36mfrom[0m [32m"@/components/Ventas/cart-price-modal"[0m;
[31m[1m>[0m [90m58 |[0m [36mimport[0m { [33mProductVariantModal[0m } [36mfrom[0m [32m"@/components/Ventas/product-variant-modal"[0m;
  [90m   |[0m [31m[1m^^^^^^^^^^^^^^^^^^^^^^^^^^^^^^^^^^^^^^^^^^^^^^^^^^^^^^^^^^^^^^^^^^^^^^^^^^^^^^^^[0m
  [90m59 |[0m [36mimport[0m {
  [90m60 |[0m   [33mCashMovementModal[0m,
  [90m61 |[0m   [33mCloseCashRegisterModal[0m,

Import map: aliased to relative './components/Ventas/product-variant-modal' inside of [project]/


Import traces:
  Client Component Browser:
    ./app/ventas/page.tsx [Client Component Browser]
    ./app/ventas/page.tsx [Server Component]

  Client Component SSR:
    ./app/ventas/page.tsx [Client Component SSR]
    ./app/ventas/page.tsx [Server Component]

https://nextjs.org/docs/messages/module-not-found


⨯ ./app/ventas/page.tsx:58:1
Module not found: Can't resolve '@/components/Ventas/product-variant-modal'
  [90m56 |[0m [36mimport[0m { [33mChargeModal[0m } [36mfrom[0m [32m"@/components/Ventas/charge-modal"[0m;
  [90m57 |[0m [36mimport[0m { [33mCartPriceModal[0m } [36mfrom[0m [32m"@/components/Ventas/cart-price-modal"[0m;
[31m[1m>[0m [90m58 |[0m [36mimport[0m { [33mProductVariantModal[0m } [36mfrom[0m [32m"@/components/Ventas/product-variant-modal"[0m;
  [90m   |[0m [31m[1m^^^^^^^^^^^^^^^^^^^^^^^^^^^^^^^^^^^^^^^^^^^^^^^^^^^^^^^^^^^^^^^^^^^^^^^^^^^^^^^^[0m
  [90m59 |[0m [36mimport[0m {
  [90m60 |[0m   [33mCashMovementModal[0m,
  [90m61 |[0m   [33mCloseCashRegisterModal[0m,

Import map: aliased to relative './components/Ventas/product-variant-modal' inside of [project]/


Import traces:
  Client Component Browser:
    ./app/ventas/page.tsx [Client Component Browser]
    ./app/ventas/page.tsx [Server Component]

  Client Component SSR:
    ./app/ventas/page.tsx [Client Component SSR]
    ./app/ventas/page.tsx [Server Component]

https://nextjs.org/docs/messages/module-not-found


⨯ ./app/ventas/page.tsx:58:1
Module not found: Can't resolve '@/components/Ventas/product-variant-modal'
  [90m56 |[0m [36mimport[0m { [33mChargeModal[0m } [36mfrom[0m [32m"@/components/Ventas/charge-modal"[0m;
  [90m57 |[0m [36mimport[0m { [33mCartPriceModal[0m } [36mfrom[0m [32m"@/components/Ventas/cart-price-modal"[0m;
[31m[1m>[0m [90m58 |[0m [36mimport[0m { [33mProductVariantModal[0m } [36mfrom[0m [32m"@/components/Ventas/product-variant-modal"[0m;
  [90m   |[0m [31m[1m^^^^^^^^^^^^^^^^^^^^^^^^^^^^^^^^^^^^^^^^^^^^^^^^^^^^^^^^^^^^^^^^^^^^^^^^^^^^^^^^[0m
  [90m59 |[0m [36mimport[0m {
  [90m60 |[0m   [33mCashMovementModal[0m,
  [90m61 |[0m   [33mCloseCashRegisterModal[0m,

Import map: aliased to relative './components/Ventas/product-variant-modal' inside of [project]/


Import traces:
  Client Component Browser:
    ./app/ventas/page.tsx [Client Component Browser]
    ./app/ventas/page.tsx [Server Component]

  Client Component SSR:
    ./app/ventas/page.tsx [Client Component SSR]
    ./app/ventas/page.tsx [Server Component]

https://nextjs.org/docs/messages/module-not-found


⨯ ./app/cotizaciones/page.tsx:35:1
Module not found: Can't resolve '@/components/Ventas/product-variant-modal'
  [90m33 |[0m [36mimport[0m { [33mClientCreateModal[0m } [36mfrom[0m [32m"@/components/Clients/client-create-modal"[0m;
  [90m34 |[0m [36mimport[0m { [33mCartPriceModal[0m } [36mfrom[0m [32m"@/components/Ventas/cart-price-modal"[0m;
[31m[1m>[0m [90m35 |[0m [36mimport[0m { [33mProductVariantModal[0m } [36mfrom[0m [32m"@/components/Ventas/product-variant-modal"[0m;
  [90m   |[0m [31m[1m^^^^^^^^^^^^^^^^^^^^^^^^^^^^^^^^^^^^^^^^^^^^^^^^^^^^^^^^^^^^^^^^^^^^^^^^^^^^^^^^[0m
  [90m36 |[0m [36mimport[0m { [33mDashboardShell[0m } [36mfrom[0m [32m"@/components/DashboardShell/dashboard-shell"[0m;
  [90m37 |[0m [36mimport[0m { [33mCalendarInput[0m } [36mfrom[0m [32m"@/components/ui/calendar-input"[0m;
  [90m38 |[0m [36mimport[0m { branchesApi, [36mtype[0m [33mBranch[0m } [36mfrom[0m [32m"@/lib/api/branches"[0m;

Import map: aliased to relative './components/Ventas/product-variant-modal' inside of [project]/


Import traces:
  Client Component Browser:
    ./app/cotizaciones/page.tsx [Client Component Browser]
    ./app/cotizaciones/page.tsx [Server Component]

  Client Component SSR:
    ./app/cotizaciones/page.tsx [Client Component SSR]
    ./app/cotizaciones/page.tsx [Server Component]

https://nextjs.org/docs/messages/module-not-found


⨯ ./app/cotizaciones/page.tsx:35:1
Module not found: Can't resolve '@/components/Ventas/product-variant-modal'
  [90m33 |[0m [36mimport[0m { [33mClientCreateModal[0m } [36mfrom[0m [32m"@/components/Clients/client-create-modal"[0m;
  [90m34 |[0m [36mimport[0m { [33mCartPriceModal[0m } [36mfrom[0m [32m"@/components/Ventas/cart-price-modal"[0m;
[31m[1m>[0m [90m35 |[0m [36mimport[0m { [33mProductVariantModal[0m } [36mfrom[0m [32m"@/components/Ventas/product-variant-modal"[0m;
  [90m   |[0m [31m[1m^^^^^^^^^^^^^^^^^^^^^^^^^^^^^^^^^^^^^^^^^^^^^^^^^^^^^^^^^^^^^^^^^^^^^^^^^^^^^^^^[0m
  [90m36 |[0m [36mimport[0m { [33mDashboardShell[0m } [36mfrom[0m [32m"@/components/DashboardShell/dashboard-shell"[0m;
  [90m37 |[0m [36mimport[0m { [33mCalendarInput[0m } [36mfrom[0m [32m"@/components/ui/calendar-input"[0m;
  [90m38 |[0m [36mimport[0m { branchesApi, [36mtype[0m [33mBranch[0m } [36mfrom[0m [32m"@/lib/api/branches"[0m;

Import map: aliased to relative './components/Ventas/product-variant-modal' inside of [project]/


Import traces:
  Client Component Browser:
    ./app/cotizaciones/page.tsx [Client Component Browser]
    ./app/cotizaciones/page.tsx [Server Component]

  Client Component SSR:
    ./app/cotizaciones/page.tsx [Client Component SSR]
    ./app/cotizaciones/page.tsx [Server Component]

https://nextjs.org/docs/messages/module-not-found


⨯ ./app/cotizaciones/page.tsx:35:1
Module not found: Can't resolve '@/components/Ventas/product-variant-modal'
  [90m33 |[0m [36mimport[0m { [33mClientCreateModal[0m } [36mfrom[0m [32m"@/components/Clients/client-create-modal"[0m;
  [90m34 |[0m [36mimport[0m { [33mCartPriceModal[0m } [36mfrom[0m [32m"@/components/Ventas/cart-price-modal"[0m;
[31m[1m>[0m [90m35 |[0m [36mimport[0m { [33mProductVariantModal[0m } [36mfrom[0m [32m"@/components/Ventas/product-variant-modal"[0m;
  [90m   |[0m [31m[1m^^^^^^^^^^^^^^^^^^^^^^^^^^^^^^^^^^^^^^^^^^^^^^^^^^^^^^^^^^^^^^^^^^^^^^^^^^^^^^^^[0m
  [90m36 |[0m [36mimport[0m { [33mDashboardShell[0m } [36mfrom[0m [32m"@/components/DashboardShell/dashboard-shell"[0m;
  [90m37 |[0m [36mimport[0m { [33mCalendarInput[0m } [36mfrom[0m [32m"@/components/ui/calendar-input"[0m;
  [90m38 |[0m [36mimport[0m { branchesApi, [36mtype[0m [33mBranch[0m } [36mfrom[0m [32m"@/lib/api/branches"[0m;

Import map: aliased to relative './components/Ventas/product-variant-modal' inside of [project]/


Import traces:
  Client Component Browser:
    ./app/cotizaciones/page.tsx [Client Component Browser]
    ./app/cotizaciones/page.tsx [Server Component]

  Client Component SSR:
    ./app/cotizaciones/page.tsx [Client Component SSR]
    ./app/cotizaciones/page.tsx [Server Component]

https://nextjs.org/docs/messages/module-not-found


⨯ ./app/cotizaciones/page.tsx:35:1
Module not found: Can't resolve '@/components/Ventas/product-variant-modal'
  [90m33 |[0m [36mimport[0m { [33mClientCreateModal[0m } [36mfrom[0m [32m"@/components/Clients/client-create-modal"[0m;
  [90m34 |[0m [36mimport[0m { [33mCartPriceModal[0m } [36mfrom[0m [32m"@/components/Ventas/cart-price-modal"[0m;
[31m[1m>[0m [90m35 |[0m [36mimport[0m { [33mProductVariantModal[0m } [36mfrom[0m [32m"@/components/Ventas/product-variant-modal"[0m;
  [90m   |[0m [31m[1m^^^^^^^^^^^^^^^^^^^^^^^^^^^^^^^^^^^^^^^^^^^^^^^^^^^^^^^^^^^^^^^^^^^^^^^^^^^^^^^^[0m
  [90m36 |[0m [36mimport[0m { [33mDashboardShell[0m } [36mfrom[0m [32m"@/components/DashboardShell/dashboard-shell"[0m;
  [90m37 |[0m [36mimport[0m { [33mCalendarInput[0m } [36mfrom[0m [32m"@/components/ui/calendar-input"[0m;
  [90m38 |[0m [36mimport[0m { branchesApi, [36mtype[0m [33mBranch[0m } [36mfrom[0m [32m"@/lib/api/branches"[0m;

Import map: aliased to relative './components/Ventas/product-variant-modal' inside of [project]/


Import traces:
  Client Component Browser:
    ./app/cotizaciones/page.tsx [Client Component Browser]
    ./app/cotizaciones/page.tsx [Server Component]

  Client Component SSR:
    ./app/cotizaciones/page.tsx [Client Component SSR]
    ./app/cotizaciones/page.tsx [Server Component]

https://nextjs.org/docs/messages/module-not-found


⨯ ./app/ventas/page.tsx:58:1
Module not found: Can't resolve '@/components/Ventas/product-variant-modal'
  [90m56 |[0m [36mimport[0m { [33mChargeModal[0m } [36mfrom[0m [32m"@/components/Ventas/charge-modal"[0m;
  [90m57 |[0m [36mimport[0m { [33mCartPriceModal[0m } [36mfrom[0m [32m"@/components/Ventas/cart-price-modal"[0m;
[31m[1m>[0m [90m58 |[0m [36mimport[0m { [33mProductVariantModal[0m } [36mfrom[0m [32m"@/components/Ventas/product-variant-modal"[0m;
  [90m   |[0m [31m[1m^^^^^^^^^^^^^^^^^^^^^^^^^^^^^^^^^^^^^^^^^^^^^^^^^^^^^^^^^^^^^^^^^^^^^^^^^^^^^^^^[0m
  [90m59 |[0m [36mimport[0m {
  [90m60 |[0m   [33mCashMovementModal[0m,
  [90m61 |[0m   [33mCloseCashRegisterModal[0m,

Import map: aliased to relative './components/Ventas/product-variant-modal' inside of [project]/


Import traces:
  Client Component Browser:
    ./app/ventas/page.tsx [Client Component Browser]
    ./app/ventas/page.tsx [Server Component]

  Client Component SSR:
    ./app/ventas/page.tsx [Client Component SSR]
    ./app/ventas/page.tsx [Server Component]

https://nextjs.org/docs/messages/module-not-found


⨯ ./app/ventas/page.tsx:58:1
Module not found: Can't resolve '@/components/Ventas/product-variant-modal'
  [90m56 |[0m [36mimport[0m { [33mChargeModal[0m } [36mfrom[0m [32m"@/components/Ventas/charge-modal"[0m;
  [90m57 |[0m [36mimport[0m { [33mCartPriceModal[0m } [36mfrom[0m [32m"@/components/Ventas/cart-price-modal"[0m;
[31m[1m>[0m [90m58 |[0m [36mimport[0m { [33mProductVariantModal[0m } [36mfrom[0m [32m"@/components/Ventas/product-variant-modal"[0m;
  [90m   |[0m [31m[1m^^^^^^^^^^^^^^^^^^^^^^^^^^^^^^^^^^^^^^^^^^^^^^^^^^^^^^^^^^^^^^^^^^^^^^^^^^^^^^^^[0m
  [90m59 |[0m [36mimport[0m {
  [90m60 |[0m   [33mCashMovementModal[0m,
  [90m61 |[0m   [33mCloseCashRegisterModal[0m,

Import map: aliased to relative './components/Ventas/product-variant-modal' inside of [project]/


Import traces:
  Client Component Browser:
    ./app/ventas/page.tsx [Client Component Browser]
    ./app/ventas/page.tsx [Server Component]

  Client Component SSR:
    ./app/ventas/page.tsx [Client Component SSR]
    ./app/ventas/page.tsx [Server Component]

https://nextjs.org/docs/messages/module-not-found


⨯ ./app/ventas/page.tsx:58:1
Module not found: Can't resolve '@/components/Ventas/product-variant-modal'
  [90m56 |[0m [36mimport[0m { [33mChargeModal[0m } [36mfrom[0m [32m"@/components/Ventas/charge-modal"[0m;
  [90m57 |[0m [36mimport[0m { [33mCartPriceModal[0m } [36mfrom[0m [32m"@/components/Ventas/cart-price-modal"[0m;
[31m[1m>[0m [90m58 |[0m [36mimport[0m { [33mProductVariantModal[0m } [36mfrom[0m [32m"@/components/Ventas/product-variant-modal"[0m;
  [90m   |[0m [31m[1m^^^^^^^^^^^^^^^^^^^^^^^^^^^^^^^^^^^^^^^^^^^^^^^^^^^^^^^^^^^^^^^^^^^^^^^^^^^^^^^^[0m
  [90m59 |[0m [36mimport[0m {
  [90m60 |[0m   [33mCashMovementModal[0m,
  [90m61 |[0m   [33mCloseCashRegisterModal[0m,

Import map: aliased to relative './components/Ventas/product-variant-modal' inside of [project]/


Import traces:
  Client Component Browser:
    ./app/ventas/page.tsx [Client Component Browser]
    ./app/ventas/page.tsx [Server Component]

  Client Component SSR:
    ./app/ventas/page.tsx [Client Component SSR]
    ./app/ventas/page.tsx [Server Component]

https://nextjs.org/docs/messages/module-not-found


⨯ ./app/ventas/page.tsx:58:1
Module not found: Can't resolve '@/components/Ventas/product-variant-modal'
  [90m56 |[0m [36mimport[0m { [33mChargeModal[0m } [36mfrom[0m [32m"@/components/Ventas/charge-modal"[0m;
  [90m57 |[0m [36mimport[0m { [33mCartPriceModal[0m } [36mfrom[0m [32m"@/components/Ventas/cart-price-modal"[0m;
[31m[1m>[0m [90m58 |[0m [36mimport[0m { [33mProductVariantModal[0m } [36mfrom[0m [32m"@/components/Ventas/product-variant-modal"[0m;
  [90m   |[0m [31m[1m^^^^^^^^^^^^^^^^^^^^^^^^^^^^^^^^^^^^^^^^^^^^^^^^^^^^^^^^^^^^^^^^^^^^^^^^^^^^^^^^[0m
  [90m59 |[0m [36mimport[0m {
  [90m60 |[0m   [33mCashMovementModal[0m,
  [90m61 |[0m   [33mCloseCashRegisterModal[0m,

Import map: aliased to relative './components/Ventas/product-variant-modal' inside of [project]/


Import traces:
  Client Component Browser:
    ./app/ventas/page.tsx [Client Component Browser]
    ./app/ventas/page.tsx [Server Component]

  Client Component SSR:
    ./app/ventas/page.tsx [Client Component SSR]
    ./app/ventas/page.tsx [Server Component]

https://nextjs.org/docs/messages/module-not-found


⨯ ./app/ventas/page.tsx:58:1
Module not found: Can't resolve '@/components/Ventas/product-variant-modal'
  [90m56 |[0m [36mimport[0m { [33mChargeModal[0m } [36mfrom[0m [32m"@/components/Ventas/charge-modal"[0m;
  [90m57 |[0m [36mimport[0m { [33mCartPriceModal[0m } [36mfrom[0m [32m"@/components/Ventas/cart-price-modal"[0m;
[31m[1m>[0m [90m58 |[0m [36mimport[0m { [33mProductVariantModal[0m } [36mfrom[0m [32m"@/components/Ventas/product-variant-modal"[0m;
  [90m   |[0m [31m[1m^^^^^^^^^^^^^^^^^^^^^^^^^^^^^^^^^^^^^^^^^^^^^^^^^^^^^^^^^^^^^^^^^^^^^^^^^^^^^^^^[0m
  [90m59 |[0m [36mimport[0m {
  [90m60 |[0m   [33mCashMovementModal[0m,
  [90m61 |[0m   [33mCloseCashRegisterModal[0m,

Import map: aliased to relative './components/Ventas/product-variant-modal' inside of [project]/


Import traces:
  Client Component Browser:
    ./app/ventas/page.tsx [Client Component Browser]
    ./app/ventas/page.tsx [Server Component]

  Client Component SSR:
    ./app/ventas/page.tsx [Client Component SSR]
    ./app/ventas/page.tsx [Server Component]

https://nextjs.org/docs/messages/module-not-found


⨯ ./app/ventas/page.tsx:58:1
Module not found: Can't resolve '@/components/Ventas/product-variant-modal'
  [90m56 |[0m [36mimport[0m { [33mChargeModal[0m } [36mfrom[0m [32m"@/components/Ventas/charge-modal"[0m;
  [90m57 |[0m [36mimport[0m { [33mCartPriceModal[0m } [36mfrom[0m [32m"@/components/Ventas/cart-price-modal"[0m;
[31m[1m>[0m [90m58 |[0m [36mimport[0m { [33mProductVariantModal[0m } [36mfrom[0m [32m"@/components/Ventas/product-variant-modal"[0m;
  [90m   |[0m [31m[1m^^^^^^^^^^^^^^^^^^^^^^^^^^^^^^^^^^^^^^^^^^^^^^^^^^^^^^^^^^^^^^^^^^^^^^^^^^^^^^^^[0m
  [90m59 |[0m [36mimport[0m {
  [90m60 |[0m   [33mCashMovementModal[0m,
  [90m61 |[0m   [33mCloseCashRegisterModal[0m,

Import map: aliased to relative './components/Ventas/product-variant-modal' inside of [project]/


Import traces:
  Client Component Browser:
    ./app/ventas/page.tsx [Client Component Browser]
    ./app/ventas/page.tsx [Server Component]

  Client Component SSR:
    ./app/ventas/page.tsx [Client Component SSR]
    ./app/ventas/page.tsx [Server Component]

https://nextjs.org/docs/messages/module-not-found


⨯ ./app/ventas/page.tsx:58:1
Module not found: Can't resolve '@/components/Ventas/product-variant-modal'
  [90m56 |[0m [36mimport[0m { [33mChargeModal[0m } [36mfrom[0m [32m"@/components/Ventas/charge-modal"[0m;
  [90m57 |[0m [36mimport[0m { [33mCartPriceModal[0m } [36mfrom[0m [32m"@/components/Ventas/cart-price-modal"[0m;
[31m[1m>[0m [90m58 |[0m [36mimport[0m { [33mProductVariantModal[0m } [36mfrom[0m [32m"@/components/Ventas/product-variant-modal"[0m;
  [90m   |[0m [31m[1m^^^^^^^^^^^^^^^^^^^^^^^^^^^^^^^^^^^^^^^^^^^^^^^^^^^^^^^^^^^^^^^^^^^^^^^^^^^^^^^^[0m
  [90m59 |[0m [36mimport[0m {
  [90m60 |[0m   [33mCashMovementModal[0m,
  [90m61 |[0m   [33mCloseCashRegisterModal[0m,

Import map: aliased to relative './components/Ventas/product-variant-modal' inside of [project]/


Import traces:
  Client Component Browser:
    ./app/ventas/page.tsx [Client Component Browser]
    ./app/ventas/page.tsx [Server Component]

  Client Component SSR:
    ./app/ventas/page.tsx [Client Component SSR]
    ./app/ventas/page.tsx [Server Component]

https://nextjs.org/docs/messages/module-not-found


⨯ ./app/ventas/page.tsx:58:1
Module not found: Can't resolve '@/components/Ventas/product-variant-modal'
  [90m56 |[0m [36mimport[0m { [33mChargeModal[0m } [36mfrom[0m [32m"@/components/Ventas/charge-modal"[0m;
  [90m57 |[0m [36mimport[0m { [33mCartPriceModal[0m } [36mfrom[0m [32m"@/components/Ventas/cart-price-modal"[0m;
[31m[1m>[0m [90m58 |[0m [36mimport[0m { [33mProductVariantModal[0m } [36mfrom[0m [32m"@/components/Ventas/product-variant-modal"[0m;
  [90m   |[0m [31m[1m^^^^^^^^^^^^^^^^^^^^^^^^^^^^^^^^^^^^^^^^^^^^^^^^^^^^^^^^^^^^^^^^^^^^^^^^^^^^^^^^[0m
  [90m59 |[0m [36mimport[0m {
  [90m60 |[0m   [33mCashMovementModal[0m,
  [90m61 |[0m   [33mCloseCashRegisterModal[0m,

Import map: aliased to relative './components/Ventas/product-variant-modal' inside of [project]/


Import traces:
  Client Component Browser:
    ./app/ventas/page.tsx [Client Component Browser]
    ./app/ventas/page.tsx [Server Component]

  Client Component SSR:
    ./app/ventas/page.tsx [Client Component SSR]
    ./app/ventas/page.tsx [Server Component]

https://nextjs.org/docs/messages/module-not-found


⨯ ./app/ventas/page.tsx:58:1
Module not found: Can't resolve '@/components/Ventas/product-variant-modal'
  [90m56 |[0m [36mimport[0m { [33mChargeModal[0m } [36mfrom[0m [32m"@/components/Ventas/charge-modal"[0m;
  [90m57 |[0m [36mimport[0m { [33mCartPriceModal[0m } [36mfrom[0m [32m"@/components/Ventas/cart-price-modal"[0m;
[31m[1m>[0m [90m58 |[0m [36mimport[0m { [33mProductVariantModal[0m } [36mfrom[0m [32m"@/components/Ventas/product-variant-modal"[0m;
  [90m   |[0m [31m[1m^^^^^^^^^^^^^^^^^^^^^^^^^^^^^^^^^^^^^^^^^^^^^^^^^^^^^^^^^^^^^^^^^^^^^^^^^^^^^^^^[0m
  [90m59 |[0m [36mimport[0m {
  [90m60 |[0m   [33mCashMovementModal[0m,
  [90m61 |[0m   [33mCloseCashRegisterModal[0m,

Import map: aliased to relative './components/Ventas/product-variant-modal' inside of [project]/


Import traces:
  Client Component Browser:
    ./app/ventas/page.tsx [Client Component Browser]
    ./app/ventas/page.tsx [Server Component]

  Client Component SSR:
    ./app/ventas/page.tsx [Client Component SSR]
    ./app/ventas/page.tsx [Server Component]

https://nextjs.org/docs/messages/module-not-found


⨯ ./app/ventas/page.tsx:58:1
Module not found: Can't resolve '@/components/Ventas/product-variant-modal'
  [90m56 |[0m [36mimport[0m { [33mChargeModal[0m } [36mfrom[0m [32m"@/components/Ventas/charge-modal"[0m;
  [90m57 |[0m [36mimport[0m { [33mCartPriceModal[0m } [36mfrom[0m [32m"@/components/Ventas/cart-price-modal"[0m;
[31m[1m>[0m [90m58 |[0m [36mimport[0m { [33mProductVariantModal[0m } [36mfrom[0m [32m"@/components/Ventas/product-variant-modal"[0m;
  [90m   |[0m [31m[1m^^^^^^^^^^^^^^^^^^^^^^^^^^^^^^^^^^^^^^^^^^^^^^^^^^^^^^^^^^^^^^^^^^^^^^^^^^^^^^^^[0m
  [90m59 |[0m [36mimport[0m {
  [90m60 |[0m   [33mCashMovementModal[0m,
  [90m61 |[0m   [33mCloseCashRegisterModal[0m,

Import map: aliased to relative './components/Ventas/product-variant-modal' inside of [project]/


Import traces:
  Client Component Browser:
    ./app/ventas/page.tsx [Client Component Browser]
    ./app/ventas/page.tsx [Server Component]

  Client Component SSR:
    ./app/ventas/page.tsx [Client Component SSR]
    ./app/ventas/page.tsx [Server Component]

https://nextjs.org/docs/messages/module-not-found


⨯ ./app/ventas/page.tsx:58:1
Module not found: Can't resolve '@/components/Ventas/product-variant-modal'
  [90m56 |[0m [36mimport[0m { [33mChargeModal[0m } [36mfrom[0m [32m"@/components/Ventas/charge-modal"[0m;
  [90m57 |[0m [36mimport[0m { [33mCartPriceModal[0m } [36mfrom[0m [32m"@/components/Ventas/cart-price-modal"[0m;
[31m[1m>[0m [90m58 |[0m [36mimport[0m { [33mProductVariantModal[0m } [36mfrom[0m [32m"@/components/Ventas/product-variant-modal"[0m;
  [90m   |[0m [31m[1m^^^^^^^^^^^^^^^^^^^^^^^^^^^^^^^^^^^^^^^^^^^^^^^^^^^^^^^^^^^^^^^^^^^^^^^^^^^^^^^^[0m
  [90m59 |[0m [36mimport[0m {
  [90m60 |[0m   [33mCashMovementModal[0m,
  [90m61 |[0m   [33mCloseCashRegisterModal[0m,

Import map: aliased to relative './components/Ventas/product-variant-modal' inside of [project]/


Import traces:
  Client Component Browser:
    ./app/ventas/page.tsx [Client Component Browser]
    ./app/ventas/page.tsx [Server Component]

  Client Component SSR:
    ./app/ventas/page.tsx [Client Component SSR]
    ./app/ventas/page.tsx [Server Component]

https://nextjs.org/docs/messages/module-not-found


⨯ ./app/ventas/page.tsx:58:1
Module not found: Can't resolve '@/components/Ventas/product-variant-modal'
  [90m56 |[0m [36mimport[0m { [33mChargeModal[0m } [36mfrom[0m [32m"@/components/Ventas/charge-modal"[0m;
  [90m57 |[0m [36mimport[0m { [33mCartPriceModal[0m } [36mfrom[0m [32m"@/components/Ventas/cart-price-modal"[0m;
[31m[1m>[0m [90m58 |[0m [36mimport[0m { [33mProductVariantModal[0m } [36mfrom[0m [32m"@/components/Ventas/product-variant-modal"[0m;
  [90m   |[0m [31m[1m^^^^^^^^^^^^^^^^^^^^^^^^^^^^^^^^^^^^^^^^^^^^^^^^^^^^^^^^^^^^^^^^^^^^^^^^^^^^^^^^[0m
  [90m59 |[0m [36mimport[0m {
  [90m60 |[0m   [33mCashMovementModal[0m,
  [90m61 |[0m   [33mCloseCashRegisterModal[0m,

Import map: aliased to relative './components/Ventas/product-variant-modal' inside of [project]/


Import traces:
  Client Component Browser:
    ./app/ventas/page.tsx [Client Component Browser]
    ./app/ventas/page.tsx [Server Component]

  Client Component SSR:
    ./app/ventas/page.tsx [Client Component SSR]
    ./app/ventas/page.tsx [Server Component]

https://nextjs.org/docs/messages/module-not-found


⨯ ./app/ventas/page.tsx:58:1
Module not found: Can't resolve '@/components/Ventas/product-variant-modal'
  [90m56 |[0m [36mimport[0m { [33mChargeModal[0m } [36mfrom[0m [32m"@/components/Ventas/charge-modal"[0m;
  [90m57 |[0m [36mimport[0m { [33mCartPriceModal[0m } [36mfrom[0m [32m"@/components/Ventas/cart-price-modal"[0m;
[31m[1m>[0m [90m58 |[0m [36mimport[0m { [33mProductVariantModal[0m } [36mfrom[0m [32m"@/components/Ventas/product-variant-modal"[0m;
  [90m   |[0m [31m[1m^^^^^^^^^^^^^^^^^^^^^^^^^^^^^^^^^^^^^^^^^^^^^^^^^^^^^^^^^^^^^^^^^^^^^^^^^^^^^^^^[0m
  [90m59 |[0m [36mimport[0m {
  [90m60 |[0m   [33mCashMovementModal[0m,
  [90m61 |[0m   [33mCloseCashRegisterModal[0m,

Import map: aliased to relative './components/Ventas/product-variant-modal' inside of [project]/


Import traces:
  Client Component Browser:
    ./app/ventas/page.tsx [Client Component Browser]
    ./app/ventas/page.tsx [Server Component]

  Client Component SSR:
    ./app/ventas/page.tsx [Client Component SSR]
    ./app/ventas/page.tsx [Server Component]

https://nextjs.org/docs/messages/module-not-found


⨯ ./app/ventas/page.tsx:58:1
Module not found: Can't resolve '@/components/Ventas/product-variant-modal'
  [90m56 |[0m [36mimport[0m { [33mChargeModal[0m } [36mfrom[0m [32m"@/components/Ventas/charge-modal"[0m;
  [90m57 |[0m [36mimport[0m { [33mCartPriceModal[0m } [36mfrom[0m [32m"@/components/Ventas/cart-price-modal"[0m;
[31m[1m>[0m [90m58 |[0m [36mimport[0m { [33mProductVariantModal[0m } [36mfrom[0m [32m"@/components/Ventas/product-variant-modal"[0m;
  [90m   |[0m [31m[1m^^^^^^^^^^^^^^^^^^^^^^^^^^^^^^^^^^^^^^^^^^^^^^^^^^^^^^^^^^^^^^^^^^^^^^^^^^^^^^^^[0m
  [90m59 |[0m [36mimport[0m {
  [90m60 |[0m   [33mCashMovementModal[0m,
  [90m61 |[0m   [33mCloseCashRegisterModal[0m,

Import map: aliased to relative './components/Ventas/product-variant-modal' inside of [project]/


Import traces:
  Client Component Browser:
    ./app/ventas/page.tsx [Client Component Browser]
    ./app/ventas/page.tsx [Server Component]

  Client Component SSR:
    ./app/ventas/page.tsx [Client Component SSR]
    ./app/ventas/page.tsx [Server Component]

https://nextjs.org/docs/messages/module-not-found


⨯ ./app/ventas/page.tsx:58:1
Module not found: Can't resolve '@/components/Ventas/product-variant-modal'
  [90m56 |[0m [36mimport[0m { [33mChargeModal[0m } [36mfrom[0m [32m"@/components/Ventas/charge-modal"[0m;
  [90m57 |[0m [36mimport[0m { [33mCartPriceModal[0m } [36mfrom[0m [32m"@/components/Ventas/cart-price-modal"[0m;
[31m[1m>[0m [90m58 |[0m [36mimport[0m { [33mProductVariantModal[0m } [36mfrom[0m [32m"@/components/Ventas/product-variant-modal"[0m;
  [90m   |[0m [31m[1m^^^^^^^^^^^^^^^^^^^^^^^^^^^^^^^^^^^^^^^^^^^^^^^^^^^^^^^^^^^^^^^^^^^^^^^^^^^^^^^^[0m
  [90m59 |[0m [36mimport[0m {
  [90m60 |[0m   [33mCashMovementModal[0m,
  [90m61 |[0m   [33mCloseCashRegisterModal[0m,

Import map: aliased to relative './components/Ventas/product-variant-modal' inside of [project]/


Import traces:
  Client Component Browser:
    ./app/ventas/page.tsx [Client Component Browser]
    ./app/ventas/page.tsx [Server Component]

  Client Component SSR:
    ./app/ventas/page.tsx [Client Component SSR]
    ./app/ventas/page.tsx [Server Component]

https://nextjs.org/docs/messages/module-not-found


⨯ ./app/ventas/page.tsx:58:1
Module not found: Can't resolve '@/components/Ventas/product-variant-modal'
  [90m56 |[0m [36mimport[0m { [33mChargeModal[0m } [36mfrom[0m [32m"@/components/Ventas/charge-modal"[0m;
  [90m57 |[0m [36mimport[0m { [33mCartPriceModal[0m } [36mfrom[0m [32m"@/components/Ventas/cart-price-modal"[0m;
[31m[1m>[0m [90m58 |[0m [36mimport[0m { [33mProductVariantModal[0m } [36mfrom[0m [32m"@/components/Ventas/product-variant-modal"[0m;
  [90m   |[0m [31m[1m^^^^^^^^^^^^^^^^^^^^^^^^^^^^^^^^^^^^^^^^^^^^^^^^^^^^^^^^^^^^^^^^^^^^^^^^^^^^^^^^[0m
  [90m59 |[0m [36mimport[0m {
  [90m60 |[0m   [33mCashMovementModal[0m,
  [90m61 |[0m   [33mCloseCashRegisterModal[0m,

Import map: aliased to relative './components/Ventas/product-variant-modal' inside of [project]/


Import traces:
  Client Component Browser:
    ./app/ventas/page.tsx [Client Component Browser]
    ./app/ventas/page.tsx [Server Component]

  Client Component SSR:
    ./app/ventas/page.tsx [Client Component SSR]
    ./app/ventas/page.tsx [Server Component]

https://nextjs.org/docs/messages/module-not-found


⨯ ./app/ventas/page.tsx:58:1
Module not found: Can't resolve '@/components/Ventas/product-variant-modal'
  [90m56 |[0m [36mimport[0m { [33mChargeModal[0m } [36mfrom[0m [32m"@/components/Ventas/charge-modal"[0m;
  [90m57 |[0m [36mimport[0m { [33mCartPriceModal[0m } [36mfrom[0m [32m"@/components/Ventas/cart-price-modal"[0m;
[31m[1m>[0m [90m58 |[0m [36mimport[0m { [33mProductVariantModal[0m } [36mfrom[0m [32m"@/components/Ventas/product-variant-modal"[0m;
  [90m   |[0m [31m[1m^^^^^^^^^^^^^^^^^^^^^^^^^^^^^^^^^^^^^^^^^^^^^^^^^^^^^^^^^^^^^^^^^^^^^^^^^^^^^^^^[0m
  [90m59 |[0m [36mimport[0m {
  [90m60 |[0m   [33mCashMovementModal[0m,
  [90m61 |[0m   [33mCloseCashRegisterModal[0m,

Import map: aliased to relative './components/Ventas/product-variant-modal' inside of [project]/


Import traces:
  Client Component Browser:
    ./app/ventas/page.tsx [Client Component Browser]
    ./app/ventas/page.tsx [Server Component]

  Client Component SSR:
    ./app/ventas/page.tsx [Client Component SSR]
    ./app/ventas/page.tsx [Server Component]

https://nextjs.org/docs/messages/module-not-found


⨯ ./app/ventas/page.tsx:58:1
Module not found: Can't resolve '@/components/Ventas/product-variant-modal'
  [90m56 |[0m [36mimport[0m { [33mChargeModal[0m } [36mfrom[0m [32m"@/components/Ventas/charge-modal"[0m;
  [90m57 |[0m [36mimport[0m { [33mCartPriceModal[0m } [36mfrom[0m [32m"@/components/Ventas/cart-price-modal"[0m;
[31m[1m>[0m [90m58 |[0m [36mimport[0m { [33mProductVariantModal[0m } [36mfrom[0m [32m"@/components/Ventas/product-variant-modal"[0m;
  [90m   |[0m [31m[1m^^^^^^^^^^^^^^^^^^^^^^^^^^^^^^^^^^^^^^^^^^^^^^^^^^^^^^^^^^^^^^^^^^^^^^^^^^^^^^^^[0m
  [90m59 |[0m [36mimport[0m {
  [90m60 |[0m   [33mCashMovementModal[0m,
  [90m61 |[0m   [33mCloseCashRegisterModal[0m,

Import map: aliased to relative './components/Ventas/product-variant-modal' inside of [project]/


Import traces:
  Client Component Browser:
    ./app/ventas/page.tsx [Client Component Browser]
    ./app/ventas/page.tsx [Server Component]

  Client Component SSR:
    ./app/ventas/page.tsx [Client Component SSR]
    ./app/ventas/page.tsx [Server Component]

https://nextjs.org/docs/messages/module-not-found


⨯ ./app/ventas/page.tsx:58:1
Module not found: Can't resolve '@/components/Ventas/product-variant-modal'
  [90m56 |[0m [36mimport[0m { [33mChargeModal[0m } [36mfrom[0m [32m"@/components/Ventas/charge-modal"[0m;
  [90m57 |[0m [36mimport[0m { [33mCartPriceModal[0m } [36mfrom[0m [32m"@/components/Ventas/cart-price-modal"[0m;
[31m[1m>[0m [90m58 |[0m [36mimport[0m { [33mProductVariantModal[0m } [36mfrom[0m [32m"@/components/Ventas/product-variant-modal"[0m;
  [90m   |[0m [31m[1m^^^^^^^^^^^^^^^^^^^^^^^^^^^^^^^^^^^^^^^^^^^^^^^^^^^^^^^^^^^^^^^^^^^^^^^^^^^^^^^^[0m
  [90m59 |[0m [36mimport[0m {
  [90m60 |[0m   [33mCashMovementModal[0m,
  [90m61 |[0m   [33mCloseCashRegisterModal[0m,

Import map: aliased to relative './components/Ventas/product-variant-modal' inside of [project]/


Import traces:
  Client Component Browser:
    ./app/ventas/page.tsx [Client Component Browser]
    ./app/ventas/page.tsx [Server Component]

  Client Component SSR:
    ./app/ventas/page.tsx [Client Component SSR]
    ./app/ventas/page.tsx [Server Component]

https://nextjs.org/docs/messages/module-not-found


⨯ ./app/ventas/page.tsx:58:1
Module not found: Can't resolve '@/components/Ventas/product-variant-modal'
  [90m56 |[0m [36mimport[0m { [33mChargeModal[0m } [36mfrom[0m [32m"@/components/Ventas/charge-modal"[0m;
  [90m57 |[0m [36mimport[0m { [33mCartPriceModal[0m } [36mfrom[0m [32m"@/components/Ventas/cart-price-modal"[0m;
[31m[1m>[0m [90m58 |[0m [36mimport[0m { [33mProductVariantModal[0m } [36mfrom[0m [32m"@/components/Ventas/product-variant-modal"[0m;
  [90m   |[0m [31m[1m^^^^^^^^^^^^^^^^^^^^^^^^^^^^^^^^^^^^^^^^^^^^^^^^^^^^^^^^^^^^^^^^^^^^^^^^^^^^^^^^[0m
  [90m59 |[0m [36mimport[0m {
  [90m60 |[0m   [33mCashMovementModal[0m,
  [90m61 |[0m   [33mCloseCashRegisterModal[0m,

Import map: aliased to relative './components/Ventas/product-variant-modal' inside of [project]/


Import traces:
  Client Component Browser:
    ./app/ventas/page.tsx [Client Component Browser]
    ./app/ventas/page.tsx [Server Component]

  Client Component SSR:
    ./app/ventas/page.tsx [Client Component SSR]
    ./app/ventas/page.tsx [Server Component]

https://nextjs.org/docs/messages/module-not-found


⨯ ./app/ventas/page.tsx:58:1
Module not found: Can't resolve '@/components/Ventas/product-variant-modal'
  [90m56 |[0m [36mimport[0m { [33mChargeModal[0m } [36mfrom[0m [32m"@/components/Ventas/charge-modal"[0m;
  [90m57 |[0m [36mimport[0m { [33mCartPriceModal[0m } [36mfrom[0m [32m"@/components/Ventas/cart-price-modal"[0m;
[31m[1m>[0m [90m58 |[0m [36mimport[0m { [33mProductVariantModal[0m } [36mfrom[0m [32m"@/components/Ventas/product-variant-modal"[0m;
  [90m   |[0m [31m[1m^^^^^^^^^^^^^^^^^^^^^^^^^^^^^^^^^^^^^^^^^^^^^^^^^^^^^^^^^^^^^^^^^^^^^^^^^^^^^^^^[0m
  [90m59 |[0m [36mimport[0m {
  [90m60 |[0m   [33mCashMovementModal[0m,
  [90m61 |[0m   [33mCloseCashRegisterModal[0m,

Import map: aliased to relative './components/Ventas/product-variant-modal' inside of [project]/


Import traces:
  Client Component Browser:
    ./app/ventas/page.tsx [Client Component Browser]
    ./app/ventas/page.tsx [Server Component]

  Client Component SSR:
    ./app/ventas/page.tsx [Client Component SSR]
    ./app/ventas/page.tsx [Server Component]

https://nextjs.org/docs/messages/module-not-found


[browser] Uncaught Error: ./app/ventas/page.tsx:58:1
Module not found: Can't resolve '@/components/Ventas/product-variant-modal'
  56 | import { ChargeModal } from "@/components/Ventas/charge-modal";
  57 | import { CartPriceModal } from "@/components/Ventas/cart-price-modal";
> 58 | import { ProductVariantModal } from "@/components/Ventas/product-variant-modal";
     | ^^^^^^^^^^^^^^^^^^^^^^^^^^^^^^^^^^^^^^^^^^^^^^^^^^^^^^^^^^^^^^^^^^^^^^^^^^^^^^^^
  59 | import {
  60 |   CashMovementModal,
  61 |   CloseCashRegisterModal,

Import map: aliased to relative './components/Ventas/product-variant-modal' inside of [project]/


Import traces:
  Client Component Browser:
    ./app/ventas/page.tsx [Client Component Browser]
    ./app/ventas/page.tsx [Server Component]

  Client Component SSR:
    ./app/ventas/page.tsx [Client Component SSR]
    ./app/ventas/page.tsx [Server Component]

https://nextjs.org/docs/messages/module-not-found


    at <unknown> (Error: ./app/ventas/page.tsx:58:1)
    at <unknown> (https://nextjs.org/docs/messages/module-not-found)
    at <unknown> (Error: (./app/ventas/page.tsx:58:1)
    at <unknown> (https://nextjs.org/docs/messages/module-not-found)
⨯ ./app/ventas/page.tsx:58:1
Module not found: Can't resolve '@/components/Ventas/product-variant-modal'
  [90m56 |[0m [36mimport[0m { [33mChargeModal[0m } [36mfrom[0m [32m"@/components/Ventas/charge-modal"[0m;
  [90m57 |[0m [36mimport[0m { [33mCartPriceModal[0m } [36mfrom[0m [32m"@/components/Ventas/cart-price-modal"[0m;
[31m[1m>[0m [90m58 |[0m [36mimport[0m { [33mProductVariantModal[0m } [36mfrom[0m [32m"@/components/Ventas/product-variant-modal"[0m;
  [90m   |[0m [31m[1m^^^^^^^^^^^^^^^^^^^^^^^^^^^^^^^^^^^^^^^^^^^^^^^^^^^^^^^^^^^^^^^^^^^^^^^^^^^^^^^^[0m
  [90m59 |[0m [36mimport[0m {
  [90m60 |[0m   [33mCashMovementModal[0m,
  [90m61 |[0m   [33mCloseCashRegisterModal[0m,

Import map: aliased to relative './components/Ventas/product-variant-modal' inside of [project]/


Import traces:
  Client Component Browser:
    ./app/ventas/page.tsx [Client Component Browser]
    ./app/ventas/page.tsx [Server Component]

  Client Component SSR:
    ./app/ventas/page.tsx [Client Component SSR]
    ./app/ventas/page.tsx [Server Component]

https://nextjs.org/docs/messages/module-not-found


⨯ ./app/ventas/page.tsx:58:1
Module not found: Can't resolve '@/components/Ventas/product-variant-modal'
  [90m56 |[0m [36mimport[0m { [33mChargeModal[0m } [36mfrom[0m [32m"@/components/Ventas/charge-modal"[0m;
  [90m57 |[0m [36mimport[0m { [33mCartPriceModal[0m } [36mfrom[0m [32m"@/components/Ventas/cart-price-modal"[0m;
[31m[1m>[0m [90m58 |[0m [36mimport[0m { [33mProductVariantModal[0m } [36mfrom[0m [32m"@/components/Ventas/product-variant-modal"[0m;
  [90m   |[0m [31m[1m^^^^^^^^^^^^^^^^^^^^^^^^^^^^^^^^^^^^^^^^^^^^^^^^^^^^^^^^^^^^^^^^^^^^^^^^^^^^^^^^[0m
  [90m59 |[0m [36mimport[0m {
  [90m60 |[0m   [33mCashMovementModal[0m,
  [90m61 |[0m   [33mCloseCashRegisterModal[0m,

Import map: aliased to relative './components/Ventas/product-variant-modal' inside of [project]/


Import traces:
  Client Component Browser:
    ./app/ventas/page.tsx [Client Component Browser]
    ./app/ventas/page.tsx [Server Component]

  Client Component SSR:
    ./app/ventas/page.tsx [Client Component SSR]
    ./app/ventas/page.tsx [Server Component]

https://nextjs.org/docs/messages/module-not-found


⨯ ./app/ventas/page.tsx:58:1
Module not found: Can't resolve '@/components/Ventas/product-variant-modal'
  [90m56 |[0m [36mimport[0m { [33mChargeModal[0m } [36mfrom[0m [32m"@/components/Ventas/charge-modal"[0m;
  [90m57 |[0m [36mimport[0m { [33mCartPriceModal[0m } [36mfrom[0m [32m"@/components/Ventas/cart-price-modal"[0m;
[31m[1m>[0m [90m58 |[0m [36mimport[0m { [33mProductVariantModal[0m } [36mfrom[0m [32m"@/components/Ventas/product-variant-modal"[0m;
  [90m   |[0m [31m[1m^^^^^^^^^^^^^^^^^^^^^^^^^^^^^^^^^^^^^^^^^^^^^^^^^^^^^^^^^^^^^^^^^^^^^^^^^^^^^^^^[0m
  [90m59 |[0m [36mimport[0m {
  [90m60 |[0m   [33mCashMovementModal[0m,
  [90m61 |[0m   [33mCloseCashRegisterModal[0m,

Import map: aliased to relative './components/Ventas/product-variant-modal' inside of [project]/


Import traces:
  Client Component Browser:
    ./app/ventas/page.tsx [Client Component Browser]
    ./app/ventas/page.tsx [Server Component]

  Client Component SSR:
    ./app/ventas/page.tsx [Client Component SSR]
    ./app/ventas/page.tsx [Server Component]

https://nextjs.org/docs/messages/module-not-found


⨯ ./app/ventas/page.tsx:58:1
Module not found: Can't resolve '@/components/Ventas/product-variant-modal'
  [90m56 |[0m [36mimport[0m { [33mChargeModal[0m } [36mfrom[0m [32m"@/components/Ventas/charge-modal"[0m;
  [90m57 |[0m [36mimport[0m { [33mCartPriceModal[0m } [36mfrom[0m [32m"@/components/Ventas/cart-price-modal"[0m;
[31m[1m>[0m [90m58 |[0m [36mimport[0m { [33mProductVariantModal[0m } [36mfrom[0m [32m"@/components/Ventas/product-variant-modal"[0m;
  [90m   |[0m [31m[1m^^^^^^^^^^^^^^^^^^^^^^^^^^^^^^^^^^^^^^^^^^^^^^^^^^^^^^^^^^^^^^^^^^^^^^^^^^^^^^^^[0m
  [90m59 |[0m [36mimport[0m {
  [90m60 |[0m   [33mCashMovementModal[0m,
  [90m61 |[0m   [33mCloseCashRegisterModal[0m,

Import map: aliased to relative './components/Ventas/product-variant-modal' inside of [project]/


Import traces:
  Client Component Browser:
    ./app/ventas/page.tsx [Client Component Browser]
    ./app/ventas/page.tsx [Server Component]

  Client Component SSR:
    ./app/ventas/page.tsx [Client Component SSR]
    ./app/ventas/page.tsx [Server Component]

https://nextjs.org/docs/messages/module-not-found


⨯ ./app/ventas/page.tsx:58:1
Module not found: Can't resolve '@/components/Ventas/product-variant-modal'
  [90m56 |[0m [36mimport[0m { [33mChargeModal[0m } [36mfrom[0m [32m"@/components/Ventas/charge-modal"[0m;
  [90m57 |[0m [36mimport[0m { [33mCartPriceModal[0m } [36mfrom[0m [32m"@/components/Ventas/cart-price-modal"[0m;
[31m[1m>[0m [90m58 |[0m [36mimport[0m { [33mProductVariantModal[0m } [36mfrom[0m [32m"@/components/Ventas/product-variant-modal"[0m;
  [90m   |[0m [31m[1m^^^^^^^^^^^^^^^^^^^^^^^^^^^^^^^^^^^^^^^^^^^^^^^^^^^^^^^^^^^^^^^^^^^^^^^^^^^^^^^^[0m
  [90m59 |[0m [36mimport[0m {
  [90m60 |[0m   [33mCashMovementModal[0m,
  [90m61 |[0m   [33mCloseCashRegisterModal[0m,

Import map: aliased to relative './components/Ventas/product-variant-modal' inside of [project]/


Import traces:
  Client Component Browser:
    ./app/ventas/page.tsx [Client Component Browser]
    ./app/ventas/page.tsx [Server Component]

  Client Component SSR:
    ./app/ventas/page.tsx [Client Component SSR]
    ./app/ventas/page.tsx [Server Component]

https://nextjs.org/docs/messages/module-not-found


⨯ ./app/ventas/page.tsx:58:1
Module not found: Can't resolve '@/components/Ventas/product-variant-modal'
  [90m56 |[0m [36mimport[0m { [33mChargeModal[0m } [36mfrom[0m [32m"@/components/Ventas/charge-modal"[0m;
  [90m57 |[0m [36mimport[0m { [33mCartPriceModal[0m } [36mfrom[0m [32m"@/components/Ventas/cart-price-modal"[0m;
[31m[1m>[0m [90m58 |[0m [36mimport[0m { [33mProductVariantModal[0m } [36mfrom[0m [32m"@/components/Ventas/product-variant-modal"[0m;
  [90m   |[0m [31m[1m^^^^^^^^^^^^^^^^^^^^^^^^^^^^^^^^^^^^^^^^^^^^^^^^^^^^^^^^^^^^^^^^^^^^^^^^^^^^^^^^[0m
  [90m59 |[0m [36mimport[0m {
  [90m60 |[0m   [33mCashMovementModal[0m,
  [90m61 |[0m   [33mCloseCashRegisterModal[0m,

Import map: aliased to relative './components/Ventas/product-variant-modal' inside of [project]/


Import traces:
  Client Component Browser:
    ./app/ventas/page.tsx [Client Component Browser]
    ./app/ventas/page.tsx [Server Component]

  Client Component SSR:
    ./app/ventas/page.tsx [Client Component SSR]
    ./app/ventas/page.tsx [Server Component]

https://nextjs.org/docs/messages/module-not-found


⨯ ./app/ventas/page.tsx:58:1
Module not found: Can't resolve '@/components/Ventas/product-variant-modal'
  [90m56 |[0m [36mimport[0m { [33mChargeModal[0m } [36mfrom[0m [32m"@/components/Ventas/charge-modal"[0m;
  [90m57 |[0m [36mimport[0m { [33mCartPriceModal[0m } [36mfrom[0m [32m"@/components/Ventas/cart-price-modal"[0m;
[31m[1m>[0m [90m58 |[0m [36mimport[0m { [33mProductVariantModal[0m } [36mfrom[0m [32m"@/components/Ventas/product-variant-modal"[0m;
  [90m   |[0m [31m[1m^^^^^^^^^^^^^^^^^^^^^^^^^^^^^^^^^^^^^^^^^^^^^^^^^^^^^^^^^^^^^^^^^^^^^^^^^^^^^^^^[0m
  [90m59 |[0m [36mimport[0m {
  [90m60 |[0m   [33mCashMovementModal[0m,
  [90m61 |[0m   [33mCloseCashRegisterModal[0m,

Import map: aliased to relative './components/Ventas/product-variant-modal' inside of [project]/


Import traces:
  Client Component Browser:
    ./app/ventas/page.tsx [Client Component Browser]
    ./app/ventas/page.tsx [Server Component]

  Client Component SSR:
    ./app/ventas/page.tsx [Client Component SSR]
    ./app/ventas/page.tsx [Server Component]

https://nextjs.org/docs/messages/module-not-found


⨯ ./app/ventas/page.tsx:58:1
Module not found: Can't resolve '@/components/Ventas/product-variant-modal'
  [90m56 |[0m [36mimport[0m { [33mChargeModal[0m } [36mfrom[0m [32m"@/components/Ventas/charge-modal"[0m;
  [90m57 |[0m [36mimport[0m { [33mCartPriceModal[0m } [36mfrom[0m [32m"@/components/Ventas/cart-price-modal"[0m;
[31m[1m>[0m [90m58 |[0m [36mimport[0m { [33mProductVariantModal[0m } [36mfrom[0m [32m"@/components/Ventas/product-variant-modal"[0m;
  [90m   |[0m [31m[1m^^^^^^^^^^^^^^^^^^^^^^^^^^^^^^^^^^^^^^^^^^^^^^^^^^^^^^^^^^^^^^^^^^^^^^^^^^^^^^^^[0m
  [90m59 |[0m [36mimport[0m {
  [90m60 |[0m   [33mCashMovementModal[0m,
  [90m61 |[0m   [33mCloseCashRegisterModal[0m,

Import map: aliased to relative './components/Ventas/product-variant-modal' inside of [project]/


Import traces:
  Client Component Browser:
    ./app/ventas/page.tsx [Client Component Browser]
    ./app/ventas/page.tsx [Server Component]

  Client Component SSR:
    ./app/ventas/page.tsx [Client Component SSR]
    ./app/ventas/page.tsx [Server Component]

https://nextjs.org/docs/messages/module-not-found


⨯ ./app/ventas/page.tsx:58:1
Module not found: Can't resolve '@/components/Ventas/product-variant-modal'
  [90m56 |[0m [36mimport[0m { [33mChargeModal[0m } [36mfrom[0m [32m"@/components/Ventas/charge-modal"[0m;
  [90m57 |[0m [36mimport[0m { [33mCartPriceModal[0m } [36mfrom[0m [32m"@/components/Ventas/cart-price-modal"[0m;
[31m[1m>[0m [90m58 |[0m [36mimport[0m { [33mProductVariantModal[0m } [36mfrom[0m [32m"@/components/Ventas/product-variant-modal"[0m;
  [90m   |[0m [31m[1m^^^^^^^^^^^^^^^^^^^^^^^^^^^^^^^^^^^^^^^^^^^^^^^^^^^^^^^^^^^^^^^^^^^^^^^^^^^^^^^^[0m
  [90m59 |[0m [36mimport[0m {
  [90m60 |[0m   [33mCashMovementModal[0m,
  [90m61 |[0m   [33mCloseCashRegisterModal[0m,

Import map: aliased to relative './components/Ventas/product-variant-modal' inside of [project]/


Import traces:
  Client Component Browser:
    ./app/ventas/page.tsx [Client Component Browser]
    ./app/ventas/page.tsx [Server Component]

  Client Component SSR:
    ./app/ventas/page.tsx [Client Component SSR]
    ./app/ventas/page.tsx [Server Component]

https://nextjs.org/docs/messages/module-not-found


⨯ ./app/ventas/page.tsx:58:1
Module not found: Can't resolve '@/components/Ventas/product-variant-modal'
  [90m56 |[0m [36mimport[0m { [33mChargeModal[0m } [36mfrom[0m [32m"@/components/Ventas/charge-modal"[0m;
  [90m57 |[0m [36mimport[0m { [33mCartPriceModal[0m } [36mfrom[0m [32m"@/components/Ventas/cart-price-modal"[0m;
[31m[1m>[0m [90m58 |[0m [36mimport[0m { [33mProductVariantModal[0m } [36mfrom[0m [32m"@/components/Ventas/product-variant-modal"[0m;
  [90m   |[0m [31m[1m^^^^^^^^^^^^^^^^^^^^^^^^^^^^^^^^^^^^^^^^^^^^^^^^^^^^^^^^^^^^^^^^^^^^^^^^^^^^^^^^[0m
  [90m59 |[0m [36mimport[0m {
  [90m60 |[0m   [33mCashMovementModal[0m,
  [90m61 |[0m   [33mCloseCashRegisterModal[0m,

Import map: aliased to relative './components/Ventas/product-variant-modal' inside of [project]/


Import traces:
  Client Component Browser:
    ./app/ventas/page.tsx [Client Component Browser]
    ./app/ventas/page.tsx [Server Component]

  Client Component SSR:
    ./app/ventas/page.tsx [Client Component SSR]
    ./app/ventas/page.tsx [Server Component]

https://nextjs.org/docs/messages/module-not-found


⨯ ./app/ventas/page.tsx:58:1
Module not found: Can't resolve '@/components/Ventas/product-variant-modal'
  [90m56 |[0m [36mimport[0m { [33mChargeModal[0m } [36mfrom[0m [32m"@/components/Ventas/charge-modal"[0m;
  [90m57 |[0m [36mimport[0m { [33mCartPriceModal[0m } [36mfrom[0m [32m"@/components/Ventas/cart-price-modal"[0m;
[31m[1m>[0m [90m58 |[0m [36mimport[0m { [33mProductVariantModal[0m } [36mfrom[0m [32m"@/components/Ventas/product-variant-modal"[0m;
  [90m   |[0m [31m[1m^^^^^^^^^^^^^^^^^^^^^^^^^^^^^^^^^^^^^^^^^^^^^^^^^^^^^^^^^^^^^^^^^^^^^^^^^^^^^^^^[0m
  [90m59 |[0m [36mimport[0m {
  [90m60 |[0m   [33mCashMovementModal[0m,
  [90m61 |[0m   [33mCloseCashRegisterModal[0m,

Import map: aliased to relative './components/Ventas/product-variant-modal' inside of [project]/


Import traces:
  Client Component Browser:
    ./app/ventas/page.tsx [Client Component Browser]
    ./app/ventas/page.tsx [Server Component]

  Client Component SSR:
    ./app/ventas/page.tsx [Client Component SSR]
    ./app/ventas/page.tsx [Server Component]

https://nextjs.org/docs/messages/module-not-found


⨯ ./app/ventas/page.tsx:58:1
Module not found: Can't resolve '@/components/Ventas/product-variant-modal'
  [90m56 |[0m [36mimport[0m { [33mChargeModal[0m } [36mfrom[0m [32m"@/components/Ventas/charge-modal"[0m;
  [90m57 |[0m [36mimport[0m { [33mCartPriceModal[0m } [36mfrom[0m [32m"@/components/Ventas/cart-price-modal"[0m;
[31m[1m>[0m [90m58 |[0m [36mimport[0m { [33mProductVariantModal[0m } [36mfrom[0m [32m"@/components/Ventas/product-variant-modal"[0m;
  [90m   |[0m [31m[1m^^^^^^^^^^^^^^^^^^^^^^^^^^^^^^^^^^^^^^^^^^^^^^^^^^^^^^^^^^^^^^^^^^^^^^^^^^^^^^^^[0m
  [90m59 |[0m [36mimport[0m {
  [90m60 |[0m   [33mCashMovementModal[0m,
  [90m61 |[0m   [33mCloseCashRegisterModal[0m,

Import map: aliased to relative './components/Ventas/product-variant-modal' inside of [project]/


Import traces:
  Client Component Browser:
    ./app/ventas/page.tsx [Client Component Browser]
    ./app/ventas/page.tsx [Server Component]

  Client Component SSR:
    ./app/ventas/page.tsx [Client Component SSR]
    ./app/ventas/page.tsx [Server Component]

https://nextjs.org/docs/messages/module-not-found


[browser] Uncaught Error: ./app/ventas/page.tsx:58:1
Module not found: Can't resolve '@/components/Ventas/product-variant-modal'
  56 | import { ChargeModal } from "@/components/Ventas/charge-modal";
  57 | import { CartPriceModal } from "@/components/Ventas/cart-price-modal";
> 58 | import { ProductVariantModal } from "@/components/Ventas/product-variant-modal";
     | ^^^^^^^^^^^^^^^^^^^^^^^^^^^^^^^^^^^^^^^^^^^^^^^^^^^^^^^^^^^^^^^^^^^^^^^^^^^^^^^^
  59 | import {
  60 |   CashMovementModal,
  61 |   CloseCashRegisterModal,

Import map: aliased to relative './components/Ventas/product-variant-modal' inside of [project]/


Import traces:
  Client Component Browser:
    ./app/ventas/page.tsx [Client Component Browser]
    ./app/ventas/page.tsx [Server Component]

  Client Component SSR:
    ./app/ventas/page.tsx [Client Component SSR]
    ./app/ventas/page.tsx [Server Component]

https://nextjs.org/docs/messages/module-not-found


    at <unknown> (Error: ./app/ventas/page.tsx:58:1)
    at <unknown> (https://nextjs.org/docs/messages/module-not-found)
    at <unknown> (Error: (./app/ventas/page.tsx:58:1)
    at <unknown> (https://nextjs.org/docs/messages/module-not-found)
[browser] Uncaught Error: ./app/cotizaciones/page.tsx:35:1
Module not found: Can't resolve '@/components/Ventas/product-variant-modal'
  33 | import { ClientCreateModal } from "@/components/Clients/client-create-modal";
  34 | import { CartPriceModal } from "@/components/Ventas/cart-price-modal";
> 35 | import { ProductVariantModal } from "@/components/Ventas/product-variant-modal";
     | ^^^^^^^^^^^^^^^^^^^^^^^^^^^^^^^^^^^^^^^^^^^^^^^^^^^^^^^^^^^^^^^^^^^^^^^^^^^^^^^^
  36 | import { DashboardShell } from "@/components/DashboardShell/dashboard-shell";
  37 | import { CalendarInput } from "@/components/ui/calendar-input";
  38 | import { branchesApi, type Branch } from "@/lib/api/branches";

Import map: aliased to relative './components/Ventas/product-variant-modal' inside of [project]/


Import traces:
  Client Component Browser:
    ./app/cotizaciones/page.tsx [Client Component Browser]
    ./app/cotizaciones/page.tsx [Server Component]

  Client Component SSR:
    ./app/cotizaciones/page.tsx [Client Component SSR]
    ./app/cotizaciones/page.tsx [Server Component]

https://nextjs.org/docs/messages/module-not-found


    at <unknown> (Error: ./app/cotizaciones/page.tsx:35:1)
    at <unknown> (https://nextjs.org/docs/messages/module-not-found)
    at <unknown> (Error: (./app/cotizaciones/page.tsx:35:1)
    at <unknown> (https://nextjs.org/docs/messages/module-not-found)
[browser] Uncaught Error: ./app/cotizaciones/page.tsx:35:1
Module not found: Can't resolve '@/components/Ventas/product-variant-modal'
  33 | import { ClientCreateModal } from "@/components/Clients/client-create-modal";
  34 | import { CartPriceModal } from "@/components/Ventas/cart-price-modal";
> 35 | import { ProductVariantModal } from "@/components/Ventas/product-variant-modal";
     | ^^^^^^^^^^^^^^^^^^^^^^^^^^^^^^^^^^^^^^^^^^^^^^^^^^^^^^^^^^^^^^^^^^^^^^^^^^^^^^^^
  36 | import { DashboardShell } from "@/components/DashboardShell/dashboard-shell";
  37 | import { CalendarInput } from "@/components/ui/calendar-input";
  38 | import { branchesApi, type Branch } from "@/lib/api/branches";

Import map: aliased to relative './components/Ventas/product-variant-modal' inside of [project]/


Import traces:
  Client Component Browser:
    ./app/cotizaciones/page.tsx [Client Component Browser]
    ./app/cotizaciones/page.tsx [Server Component]

  Client Component SSR:
    ./app/cotizaciones/page.tsx [Client Component SSR]
    ./app/cotizaciones/page.tsx [Server Component]

https://nextjs.org/docs/messages/module-not-found


    at <unknown> (Error: ./app/cotizaciones/page.tsx:35:1)
    at <unknown> (https://nextjs.org/docs/messages/module-not-found)
    at <unknown> (Error: (./app/cotizaciones/page.tsx:35:1)
    at <unknown> (https://nextjs.org/docs/messages/module-not-found)
[browser] Uncaught Error: ./app/cotizaciones/page.tsx:35:1
Module not found: Can't resolve '@/components/Ventas/product-variant-modal'
  33 | import { ClientCreateModal } from "@/components/Clients/client-create-modal";
  34 | import { CartPriceModal } from "@/components/Ventas/cart-price-modal";
> 35 | import { ProductVariantModal } from "@/components/Ventas/product-variant-modal";
     | ^^^^^^^^^^^^^^^^^^^^^^^^^^^^^^^^^^^^^^^^^^^^^^^^^^^^^^^^^^^^^^^^^^^^^^^^^^^^^^^^
  36 | import { DashboardShell } from "@/components/DashboardShell/dashboard-shell";
  37 | import { CalendarInput } from "@/components/ui/calendar-input";
  38 | import { branchesApi, type Branch } from "@/lib/api/branches";

Import map: aliased to relative './components/Ventas/product-variant-modal' inside of [project]/


Import traces:
  Client Component Browser:
    ./app/cotizaciones/page.tsx [Client Component Browser]
    ./app/cotizaciones/page.tsx [Server Component]

  Client Component SSR:
    ./app/cotizaciones/page.tsx [Client Component SSR]
    ./app/cotizaciones/page.tsx [Server Component]

https://nextjs.org/docs/messages/module-not-found


    at <unknown> (Error: ./app/cotizaciones/page.tsx:35:1)
    at <unknown> (https://nextjs.org/docs/messages/module-not-found)
    at <unknown> (Error: (./app/cotizaciones/page.tsx:35:1)
    at <unknown> (https://nextjs.org/docs/messages/module-not-found)
[browser] Uncaught Error: ./app/cotizaciones/page.tsx:35:1
Module not found: Can't resolve '@/components/Ventas/product-variant-modal'
  33 | import { ClientCreateModal } from "@/components/Clients/client-create-modal";
  34 | import { CartPriceModal } from "@/components/Ventas/cart-price-modal";
> 35 | import { ProductVariantModal } from "@/components/Ventas/product-variant-modal";
     | ^^^^^^^^^^^^^^^^^^^^^^^^^^^^^^^^^^^^^^^^^^^^^^^^^^^^^^^^^^^^^^^^^^^^^^^^^^^^^^^^
  36 | import { DashboardShell } from "@/components/DashboardShell/dashboard-shell";
  37 | import { CalendarInput } from "@/components/ui/calendar-input";
  38 | import { branchesApi, type Branch } from "@/lib/api/branches";

Import map: aliased to relative './components/Ventas/product-variant-modal' inside of [project]/


Import traces:
  Client Component Browser:
    ./app/cotizaciones/page.tsx [Client Component Browser]
    ./app/cotizaciones/page.tsx [Server Component]

  Client Component SSR:
    ./app/cotizaciones/page.tsx [Client Component SSR]
    ./app/cotizaciones/page.tsx [Server Component]

https://nextjs.org/docs/messages/module-not-found


    at <unknown> (Error: ./app/cotizaciones/page.tsx:35:1)
    at <unknown> (https://nextjs.org/docs/messages/module-not-found)
    at <unknown> (Error: (./app/cotizaciones/page.tsx:35:1)
    at <unknown> (https://nextjs.org/docs/messages/module-not-found)
[browser] Uncaught Error: ./app/cotizaciones/page.tsx:35:1
Module not found: Can't resolve '@/components/Ventas/product-variant-modal'
  33 | import { ClientCreateModal } from "@/components/Clients/client-create-modal";
  34 | import { CartPriceModal } from "@/components/Ventas/cart-price-modal";
> 35 | import { ProductVariantModal } from "@/components/Ventas/product-variant-modal";
     | ^^^^^^^^^^^^^^^^^^^^^^^^^^^^^^^^^^^^^^^^^^^^^^^^^^^^^^^^^^^^^^^^^^^^^^^^^^^^^^^^
  36 | import { DashboardShell } from "@/components/DashboardShell/dashboard-shell";
  37 | import { CalendarInput } from "@/components/ui/calendar-input";
  38 | import { branchesApi, type Branch } from "@/lib/api/branches";

Import map: aliased to relative './components/Ventas/product-variant-modal' inside of [project]/


Import traces:
  Client Component Browser:
    ./app/cotizaciones/page.tsx [Client Component Browser]
    ./app/cotizaciones/page.tsx [Server Component]

  Client Component SSR:
    ./app/cotizaciones/page.tsx [Client Component SSR]
    ./app/cotizaciones/page.tsx [Server Component]

https://nextjs.org/docs/messages/module-not-found


    at <unknown> (Error: ./app/cotizaciones/page.tsx:35:1)
    at <unknown> (https://nextjs.org/docs/messages/module-not-found)
    at <unknown> (Error: (./app/cotizaciones/page.tsx:35:1)
    at <unknown> (https://nextjs.org/docs/messages/module-not-found)
[browser] Uncaught Error: ./app/cotizaciones/page.tsx:35:1
Module not found: Can't resolve '@/components/Ventas/product-variant-modal'
  33 | import { ClientCreateModal } from "@/components/Clients/client-create-modal";
  34 | import { CartPriceModal } from "@/components/Ventas/cart-price-modal";
> 35 | import { ProductVariantModal } from "@/components/Ventas/product-variant-modal";
     | ^^^^^^^^^^^^^^^^^^^^^^^^^^^^^^^^^^^^^^^^^^^^^^^^^^^^^^^^^^^^^^^^^^^^^^^^^^^^^^^^
  36 | import { DashboardShell } from "@/components/DashboardShell/dashboard-shell";
  37 | import { CalendarInput } from "@/components/ui/calendar-input";
  38 | import { branchesApi, type Branch } from "@/lib/api/branches";

Import map: aliased to relative './components/Ventas/product-variant-modal' inside of [project]/


Import traces:
  Client Component Browser:
    ./app/cotizaciones/page.tsx [Client Component Browser]
    ./app/cotizaciones/page.tsx [Server Component]

  Client Component SSR:
    ./app/cotizaciones/page.tsx [Client Component SSR]
    ./app/cotizaciones/page.tsx [Server Component]

https://nextjs.org/docs/messages/module-not-found


    at <unknown> (Error: ./app/cotizaciones/page.tsx:35:1)
    at <unknown> (https://nextjs.org/docs/messages/module-not-found)
    at <unknown> (Error: (./app/cotizaciones/page.tsx:35:1)
    at <unknown> (https://nextjs.org/docs/messages/module-not-found)
[browser] Image with src "https://pub-5fbe646472384dcea7faa57c6d3b183c.r2.dev/products/empresa-1/producto-8/color-23/acf6c396-aad9-499d-8db5-0ecf9c340d43/thumb.webp" has either width or height modified, but not the other. If you use CSS to change the size of your image, also include the styles 'width: "auto"' or 'height: "auto"' to maintain the aspect ratio.
[browser] Image with src "https://pub-5fbe646472384dcea7faa57c6d3b183c.r2.dev/products/empresa-1/producto-10/color-28/012da399-5116-432c-8a85-e117eae375df/thumb.webp" has either width or height modified, but not the other. If you use CSS to change the size of your image, also include the styles 'width: "auto"' or 'height: "auto"' to maintain the aspect ratio.
[browser] Image with src "https://pub-5fbe646472384dcea7faa57c6d3b183c.r2.dev/products/empresa-1/producto-13/color-197/70a3c22e-6f1d-4118-abe7-1e85d9357553/thumb.webp" has either width or height modified, but not the other. If you use CSS to change the size of your image, also include the styles 'width: "auto"' or 'height: "auto"' to maintain the aspect ratio.
[browser] Image with src "https://pub-5fbe646472384dcea7faa57c6d3b183c.r2.dev/products/empresa-1/producto-2/color-24/7bc0c089-4416-4c2c-973f-6db664481e81/thumb.webp" has either width or height modified, but not the other. If you use CSS to change the size of your image, also include the styles 'width: "auto"' or 'height: "auto"' to maintain the aspect ratio.
[browser] Image with src "http://localhost:3001/Logo/norbitex_logo.svg" has either width or height modified, but not the other. If you use CSS to change the size of your image, also include the styles 'width: "auto"' or 'height: "auto"' to maintain the aspect ratio.
[browser] Image with src "https://pub-5fbe646472384dcea7faa57c6d3b183c.r2.dev/products/empresa-1/producto-13/color-197/70a3c22e-6f1d-4118-abe7-1e85d9357553/thumb.webp" was detected as the Largest Contentful Paint (LCP). Please add the `loading="eager"` property if this image is above the fold.
Read more: https://nextjs.org/docs/app/api-reference/components/image#loading
[browser] Image with src "https://pub-5fbe646472384dcea7faa57c6d3b183c.r2.dev/products/empresa-1/producto-8/color-2/214ea0c4-a02c-4a76-85e0-0e88067b125b/thumb.webp" has either width or height modified, but not the other. If you use CSS to change the size of your image, also include the styles 'width: "auto"' or 'height: "auto"' to maintain the aspect ratio.
[browser] Image with src "https://pub-5fbe646472384dcea7faa57c6d3b183c.r2.dev/products/empresa-1/producto-8/color-5/a2e079f2-d84c-4a25-935c-122a1c18895b/thumb.webp" has either width or height modified, but not the other. If you use CSS to change the size of your image, also include the styles 'width: "auto"' or 'height: "auto"' to maintain the aspect ratio.
[browser] The width(-1) and height(-1) of chart should be greater than 0,
       please check the style of container, or the props width(100%) and height(100%),
       or add a minWidth(0) or minHeight(undefined) or use aspect(undefined) to control the
       height and width.
[browser] The width(-1) and height(-1) of chart should be greater than 0,
       please check the style of container, or the props width(100%) and height(100%),
       or add a minWidth(0) or minHeight(undefined) or use aspect(undefined) to control the
       height and width.
[browser] The width(-1) and height(-1) of chart should be greater than 0,
       please check the style of container, or the props width(100%) and height(100%),
       or add a minWidth(0) or minHeight(undefined) or use aspect(undefined) to control the
       height and width.
[browser] The width(-1) and height(-1) of chart should be greater than 0,
       please check the style of container, or the props width(100%) and height(100%),
       or add a minWidth(0) or minHeight(undefined) or use aspect(undefined) to control the
       height and width.
[browser] The width(-1) and height(-1) of chart should be greater than 0,
       please check the style of container, or the props width(100%) and height(100%),
       or add a minWidth(0) or minHeight(undefined) or use aspect(undefined) to control the
       height and width.
[browser] The width(-1) and height(-1) of chart should be greater than 0,
       please check the style of container, or the props width(100%) and height(100%),
       or add a minWidth(0) or minHeight(undefined) or use aspect(undefined) to control the
       height and width.
[browser] The width(-1) and height(-1) of chart should be greater than 0,
       please check the style of container, or the props width(100%) and height(100%),
       or add a minWidth(0) or minHeight(undefined) or use aspect(undefined) to control the
       height and width.
[browser] The width(-1) and height(-1) of chart should be greater than 0,
       please check the style of container, or the props width(100%) and height(100%),
       or add a minWidth(0) or minHeight(undefined) or use aspect(undefined) to control the
       height and width.
[browser] The width(-1) and height(-1) of chart should be greater than 0,
       please check the style of container, or the props width(100%) and height(100%),
       or add a minWidth(0) or minHeight(undefined) or use aspect(undefined) to control the
       height and width.
[browser] The width(-1) and height(-1) of chart should be greater than 0,
       please check the style of container, or the props width(100%) and height(100%),
       or add a minWidth(0) or minHeight(undefined) or use aspect(undefined) to control the
       height and width.
[browser] The width(-1) and height(-1) of chart should be greater than 0,
       please check the style of container, or the props width(100%) and height(100%),
       or add a minWidth(0) or minHeight(undefined) or use aspect(undefined) to control the
       height and width.
[browser] The width(-1) and height(-1) of chart should be greater than 0,
       please check the style of container, or the props width(100%) and height(100%),
       or add a minWidth(0) or minHeight(undefined) or use aspect(undefined) to control the
       height and width.
[browser] The width(-1) and height(-1) of chart should be greater than 0,
       please check the style of container, or the props width(100%) and height(100%),
       or add a minWidth(0) or minHeight(undefined) or use aspect(undefined) to control the
       height and width.
[browser] The width(-1) and height(-1) of chart should be greater than 0,
       please check the style of container, or the props width(100%) and height(100%),
       or add a minWidth(0) or minHeight(undefined) or use aspect(undefined) to control the
       height and width.
[browser] The width(-1) and height(-1) of chart should be greater than 0,
       please check the style of container, or the props width(100%) and height(100%),
       or add a minWidth(0) or minHeight(undefined) or use aspect(undefined) to control the
       height and width.
[browser] The width(-1) and height(-1) of chart should be greater than 0,
       please check the style of container, or the props width(100%) and height(100%),
       or add a minWidth(0) or minHeight(undefined) or use aspect(undefined) to control the
       height and width.
[browser] The width(-1) and height(-1) of chart should be greater than 0,
       please check the style of container, or the props width(100%) and height(100%),
       or add a minWidth(0) or minHeight(undefined) or use aspect(undefined) to control the
       height and width.
[browser] The width(-1) and height(-1) of chart should be greater than 0,
       please check the style of container, or the props width(100%) and height(100%),
       or add a minWidth(0) or minHeight(undefined) or use aspect(undefined) to control the
       height and width.
[browser] Image with src "/Logo/Norvitex.png" has either width or height modified, but not the other. If you use CSS to change the size of your image, also include the styles 'width: "auto"' or 'height: "auto"' to maintain the aspect ratio.
[browser] The width(-1) and height(-1) of chart should be greater than 0,
       please check the style of container, or the props width(100%) and height(100%),
       or add a minWidth(0) or minHeight(undefined) or use aspect(undefined) to control the
       height and width.
[browser] The width(-1) and height(-1) of chart should be greater than 0,
       please check the style of container, or the props width(100%) and height(100%),
       or add a minWidth(0) or minHeight(undefined) or use aspect(undefined) to control the
       height and width.
[browser] The width(-1) and height(-1) of chart should be greater than 0,
       please check the style of container, or the props width(100%) and height(100%),
       or add a minWidth(0) or minHeight(undefined) or use aspect(undefined) to control the
       height and width.
[browser] The width(-1) and height(-1) of chart should be greater than 0,
       please check the style of container, or the props width(100%) and height(100%),
       or add a minWidth(0) or minHeight(undefined) or use aspect(undefined) to control the
       height and width.
[browser] The width(-1) and height(-1) of chart should be greater than 0,
       please check the style of container, or the props width(100%) and height(100%),
       or add a minWidth(0) or minHeight(undefined) or use aspect(undefined) to control the
       height and width.
[browser] The width(-1) and height(-1) of chart should be greater than 0,
       please check the style of container, or the props width(100%) and height(100%),
       or add a minWidth(0) or minHeight(undefined) or use aspect(undefined) to control the
       height and width.
[browser] The width(-1) and height(-1) of chart should be greater than 0,
       please check the style of container, or the props width(100%) and height(100%),
       or add a minWidth(0) or minHeight(undefined) or use aspect(undefined) to control the
       height and width.
[browser] The width(-1) and height(-1) of chart should be greater than 0,
       please check the style of container, or the props width(100%) and height(100%),
       or add a minWidth(0) or minHeight(undefined) or use aspect(undefined) to control the
       height and width.
[browser] The width(-1) and height(-1) of chart should be greater than 0,
       please check the style of container, or the props width(100%) and height(100%),
       or add a minWidth(0) or minHeight(undefined) or use aspect(undefined) to control the
       height and width.
[browser] The width(-1) and height(-1) of chart should be greater than 0,
       please check the style of container, or the props width(100%) and height(100%),
       or add a minWidth(0) or minHeight(undefined) or use aspect(undefined) to control the
       height and width.
[browser] The width(-1) and height(-1) of chart should be greater than 0,
       please check the style of container, or the props width(100%) and height(100%),
       or add a minWidth(0) or minHeight(undefined) or use aspect(undefined) to control the
       height and width.
[browser] The width(-1) and height(-1) of chart should be greater than 0,
       please check the style of container, or the props width(100%) and height(100%),
       or add a minWidth(0) or minHeight(undefined) or use aspect(undefined) to control the
       height and width.
[browser] The width(-1) and height(-1) of chart should be greater than 0,
       please check the style of container, or the props width(100%) and height(100%),
       or add a minWidth(0) or minHeight(undefined) or use aspect(undefined) to control the
       height and width.
[browser] The width(-1) and height(-1) of chart should be greater than 0,
       please check the style of container, or the props width(100%) and height(100%),
       or add a minWidth(0) or minHeight(undefined) or use aspect(undefined) to control the
       height and width.
[browser] The width(-1) and height(-1) of chart should be greater than 0,
       please check the style of container, or the props width(100%) and height(100%),
       or add a minWidth(0) or minHeight(undefined) or use aspect(undefined) to control the
       height and width.
[browser] The width(-1) and height(-1) of chart should be greater than 0,
       please check the style of container, or the props width(100%) and height(100%),
       or add a minWidth(0) or minHeight(undefined) or use aspect(undefined) to control the
       height and width.
[browser] The width(-1) and height(-1) of chart should be greater than 0,
       please check the style of container, or the props width(100%) and height(100%),
       or add a minWidth(0) or minHeight(undefined) or use aspect(undefined) to control the
       height and width.
[browser] The width(-1) and height(-1) of chart should be greater than 0,
       please check the style of container, or the props width(100%) and height(100%),
       or add a minWidth(0) or minHeight(undefined) or use aspect(undefined) to control the
       height and width.
[browser] The width(-1) and height(-1) of chart should be greater than 0,
       please check the style of container, or the props width(100%) and height(100%),
       or add a minWidth(0) or minHeight(undefined) or use aspect(undefined) to control the
       height and width.
[browser] The width(-1) and height(-1) of chart should be greater than 0,
       please check the style of container, or the props width(100%) and height(100%),
       or add a minWidth(0) or minHeight(undefined) or use aspect(undefined) to control the
       height and width.
[browser] The width(-1) and height(-1) of chart should be greater than 0,
       please check the style of container, or the props width(100%) and height(100%),
       or add a minWidth(0) or minHeight(undefined) or use aspect(undefined) to control the
       height and width.
[browser] The width(-1) and height(-1) of chart should be greater than 0,
       please check the style of container, or the props width(100%) and height(100%),
       or add a minWidth(0) or minHeight(undefined) or use aspect(undefined) to control the
       height and width.
[browser] Image with src "http://localhost:3001/Logo/norbitex_logo.svg" has either width or height modified, but not the other. If you use CSS to change the size of your image, also include the styles 'width: "auto"' or 'height: "auto"' to maintain the aspect ratio.
[browser] ⨯ unhandledRejection: ApiError: Unauthorized
    at apiRequest (lib/api/client.ts:41:11)
    at async requestWithAuth (lib/api/auth-fetch.ts:51:12)
    at async VentasPage.useCallback[loadSizes] (app/ventas/page.tsx:423:24)
  39 |
  40 |   if (!response.ok) {
> 41 |     throw new ApiError(getErrorMessage(body), response.status, body);
     |           ^
  42 |   }
  43 |
  44 |   return body as T;
[browser] ⨯ unhandledRejection: ApiError: Unauthorized
    at apiRequest (lib/api/client.ts:41:11)
    at async requestWithAuth (lib/api/auth-fetch.ts:51:12)
    at async VentasPage.useCallback[loadColors] (app/ventas/page.tsx:403:24)
  39 |
  40 |   if (!response.ok) {
> 41 |     throw new ApiError(getErrorMessage(body), response.status, body);
     |           ^
  42 |   }
  43 |
  44 |   return body as T;
[browser] ⨯ unhandledRejection: ApiError: Unauthorized
    at apiRequest (lib/api/client.ts:41:11)
    at async requestWithAuth (lib/api/auth-fetch.ts:51:12)
    at async VentasPage.useCallback[loadClients] (app/ventas/page.tsx:686:26)
  39 |
  40 |   if (!response.ok) {
> 41 |     throw new ApiError(getErrorMessage(body), response.status, body);
     |           ^
  42 |   }
  43 |
  44 |   return body as T;
[browser] Image with src "http://localhost:3001/Logo/norbitex_logo.svg" has either width or height modified, but not the other. If you use CSS to change the size of your image, also include the styles 'width: "auto"' or 'height: "auto"' to maintain the aspect ratio.
[browser] The width(-1) and height(-1) of chart should be greater than 0,
       please check the style of container, or the props width(100%) and height(100%),
       or add a minWidth(0) or minHeight(undefined) or use aspect(undefined) to control the
       height and width.
[browser] The width(-1) and height(-1) of chart should be greater than 0,
       please check the style of container, or the props width(100%) and height(100%),
       or add a minWidth(0) or minHeight(undefined) or use aspect(undefined) to control the
       height and width.
[browser] The width(-1) and height(-1) of chart should be greater than 0,
       please check the style of container, or the props width(100%) and height(100%),
       or add a minWidth(0) or minHeight(undefined) or use aspect(undefined) to control the
       height and width.
[browser] The width(-1) and height(-1) of chart should be greater than 0,
       please check the style of container, or the props width(100%) and height(100%),
       or add a minWidth(0) or minHeight(undefined) or use aspect(undefined) to control the
       height and width.
[browser] The width(-1) and height(-1) of chart should be greater than 0,
       please check the style of container, or the props width(100%) and height(100%),
       or add a minWidth(0) or minHeight(undefined) or use aspect(undefined) to control the
       height and width.
[browser] The width(-1) and height(-1) of chart should be greater than 0,
       please check the style of container, or the props width(100%) and height(100%),
       or add a minWidth(0) or minHeight(undefined) or use aspect(undefined) to control the
       height and width.
[browser] The width(-1) and height(-1) of chart should be greater than 0,
       please check the style of container, or the props width(100%) and height(100%),
       or add a minWidth(0) or minHeight(undefined) or use aspect(undefined) to control the
       height and width.
[browser] The width(-1) and height(-1) of chart should be greater than 0,
       please check the style of container, or the props width(100%) and height(100%),
       or add a minWidth(0) or minHeight(undefined) or use aspect(undefined) to control the
       height and width.
[browser] The width(-1) and height(-1) of chart should be greater than 0,
       please check the style of container, or the props width(100%) and height(100%),
       or add a minWidth(0) or minHeight(undefined) or use aspect(undefined) to control the
       height and width.
[browser] The width(-1) and height(-1) of chart should be greater than 0,
       please check the style of container, or the props width(100%) and height(100%),
       or add a minWidth(0) or minHeight(undefined) or use aspect(undefined) to control the
       height and width.
[browser] The width(-1) and height(-1) of chart should be greater than 0,
       please check the style of container, or the props width(100%) and height(100%),
       or add a minWidth(0) or minHeight(undefined) or use aspect(undefined) to control the
       height and width.
[browser] The width(-1) and height(-1) of chart should be greater than 0,
       please check the style of container, or the props width(100%) and height(100%),
       or add a minWidth(0) or minHeight(undefined) or use aspect(undefined) to control the
       height and width.
[browser] Image with src "https://pub-5fbe646472384dcea7faa57c6d3b183c.r2.dev/products/empresa-1/producto-8/color-23/acf6c396-aad9-499d-8db5-0ecf9c340d43/thumb.webp" has either width or height modified, but not the other. If you use CSS to change the size of your image, also include the styles 'width: "auto"' or 'height: "auto"' to maintain the aspect ratio.
[browser] Image with src "https://pub-5fbe646472384dcea7faa57c6d3b183c.r2.dev/products/empresa-1/producto-10/color-28/012da399-5116-432c-8a85-e117eae375df/thumb.webp" has either width or height modified, but not the other. If you use CSS to change the size of your image, also include the styles 'width: "auto"' or 'height: "auto"' to maintain the aspect ratio.
[browser] Image with src "https://pub-5fbe646472384dcea7faa57c6d3b183c.r2.dev/products/empresa-1/producto-13/color-197/70a3c22e-6f1d-4118-abe7-1e85d9357553/thumb.webp" has either width or height modified, but not the other. If you use CSS to change the size of your image, also include the styles 'width: "auto"' or 'height: "auto"' to maintain the aspect ratio.
[browser] Image with src "https://pub-5fbe646472384dcea7faa57c6d3b183c.r2.dev/products/empresa-1/producto-2/color-24/7bc0c089-4416-4c2c-973f-6db664481e81/thumb.webp" has either width or height modified, but not the other. If you use CSS to change the size of your image, also include the styles 'width: "auto"' or 'height: "auto"' to maintain the aspect ratio.
[browser] Image with src "https://pub-5fbe646472384dcea7faa57c6d3b183c.r2.dev/products/empresa-1/producto-8/color-2/214ea0c4-a02c-4a76-85e0-0e88067b125b/thumb.webp" has either width or height modified, but not the other. If you use CSS to change the size of your image, also include the styles 'width: "auto"' or 'height: "auto"' to maintain the aspect ratio.
[browser] The width(-1) and height(-1) of chart should be greater than 0,
       please check the style of container, or the props width(100%) and height(100%),
       or add a minWidth(0) or minHeight(undefined) or use aspect(undefined) to control the
       height and width.
[browser] The width(-1) and height(-1) of chart should be greater than 0,
       please check the style of container, or the props width(100%) and height(100%),
       or add a minWidth(0) or minHeight(undefined) or use aspect(undefined) to control the
       height and width.
[browser] The width(-1) and height(-1) of chart should be greater than 0,
       please check the style of container, or the props width(100%) and height(100%),
       or add a minWidth(0) or minHeight(undefined) or use aspect(undefined) to control the
       height and width.
[browser] The width(-1) and height(-1) of chart should be greater than 0,
       please check the style of container, or the props width(100%) and height(100%),
       or add a minWidth(0) or minHeight(undefined) or use aspect(undefined) to control the
       height and width.
[browser] The width(-1) and height(-1) of chart should be greater than 0,
       please check the style of container, or the props width(100%) and height(100%),
       or add a minWidth(0) or minHeight(undefined) or use aspect(undefined) to control the
       height and width.
[browser] The width(-1) and height(-1) of chart should be greater than 0,
       please check the style of container, or the props width(100%) and height(100%),
       or add a minWidth(0) or minHeight(undefined) or use aspect(undefined) to control the
       height and width.
[browser] Image with src "http://localhost:3001/Logo/norbitex_logo.svg" has either width or height modified, but not the other. If you use CSS to change the size of your image, also include the styles 'width: "auto"' or 'height: "auto"' to maintain the aspect ratio.
[browser] Image with src "https://pub-5fbe646472384dcea7faa57c6d3b183c.r2.dev/products/empresa-1/producto-8/color-23/acf6c396-aad9-499d-8db5-0ecf9c340d43/thumb.webp" has either width or height modified, but not the other. If you use CSS to change the size of your image, also include the styles 'width: "auto"' or 'height: "auto"' to maintain the aspect ratio.
[browser] Image with src "https://pub-5fbe646472384dcea7faa57c6d3b183c.r2.dev/products/empresa-1/producto-2/color-24/7bc0c089-4416-4c2c-973f-6db664481e81/thumb.webp" has either width or height modified, but not the other. If you use CSS to change the size of your image, also include the styles 'width: "auto"' or 'height: "auto"' to maintain the aspect ratio.
[browser] Image with src "https://pub-5fbe646472384dcea7faa57c6d3b183c.r2.dev/products/empresa-1/producto-13/color-197/70a3c22e-6f1d-4118-abe7-1e85d9357553/thumb.webp" has either width or height modified, but not the other. If you use CSS to change the size of your image, also include the styles 'width: "auto"' or 'height: "auto"' to maintain the aspect ratio.
[browser] Image with src "https://pub-5fbe646472384dcea7faa57c6d3b183c.r2.dev/products/empresa-1/producto-13/color-197/70a3c22e-6f1d-4118-abe7-1e85d9357553/thumb.webp" was detected as the Largest Contentful Paint (LCP). Please add the `loading="eager"` property if this image is above the fold.
Read more: https://nextjs.org/docs/app/api-reference/components/image#loading
[browser] The width(-1) and height(-1) of chart should be greater than 0,
       please check the style of container, or the props width(100%) and height(100%),
       or add a minWidth(0) or minHeight(undefined) or use aspect(undefined) to control the
       height and width.
[browser] The width(-1) and height(-1) of chart should be greater than 0,
       please check the style of container, or the props width(100%) and height(100%),
       or add a minWidth(0) or minHeight(undefined) or use aspect(undefined) to control the
       height and width.
[browser] The width(-1) and height(-1) of chart should be greater than 0,
       please check the style of container, or the props width(100%) and height(100%),
       or add a minWidth(0) or minHeight(undefined) or use aspect(undefined) to control the
       height and width.
[browser] The width(-1) and height(-1) of chart should be greater than 0,
       please check the style of container, or the props width(100%) and height(100%),
       or add a minWidth(0) or minHeight(undefined) or use aspect(undefined) to control the
       height and width.
[browser] The width(-1) and height(-1) of chart should be greater than 0,
       please check the style of container, or the props width(100%) and height(100%),
       or add a minWidth(0) or minHeight(undefined) or use aspect(undefined) to control the
       height and width.
[browser] The width(-1) and height(-1) of chart should be greater than 0,
       please check the style of container, or the props width(100%) and height(100%),
       or add a minWidth(0) or minHeight(undefined) or use aspect(undefined) to control the
       height and width.
[browser] Image with src "/Logo/Norvitex.png" has either width or height modified, but not the other. If you use CSS to change the size of your image, also include the styles 'width: "auto"' or 'height: "auto"' to maintain the aspect ratio.
[browser] The width(-1) and height(-1) of chart should be greater than 0,
       please check the style of container, or the props width(100%) and height(100%),
       or add a minWidth(0) or minHeight(undefined) or use aspect(undefined) to control the
       height and width.
[browser] The width(-1) and height(-1) of chart should be greater than 0,
       please check the style of container, or the props width(100%) and height(100%),
       or add a minWidth(0) or minHeight(undefined) or use aspect(undefined) to control the
       height and width.
[browser] The width(-1) and height(-1) of chart should be greater than 0,
       please check the style of container, or the props width(100%) and height(100%),
       or add a minWidth(0) or minHeight(undefined) or use aspect(undefined) to control the
       height and width.
[browser] The width(-1) and height(-1) of chart should be greater than 0,
       please check the style of container, or the props width(100%) and height(100%),
       or add a minWidth(0) or minHeight(undefined) or use aspect(undefined) to control the
       height and width.
[browser] The width(-1) and height(-1) of chart should be greater than 0,
       please check the style of container, or the props width(100%) and height(100%),
       or add a minWidth(0) or minHeight(undefined) or use aspect(undefined) to control the
       height and width.
[browser] The width(-1) and height(-1) of chart should be greater than 0,
       please check the style of container, or the props width(100%) and height(100%),
       or add a minWidth(0) or minHeight(undefined) or use aspect(undefined) to control the
       height and width.
[browser] The width(-1) and height(-1) of chart should be greater than 0,
       please check the style of container, or the props width(100%) and height(100%),
       or add a minWidth(0) or minHeight(undefined) or use aspect(undefined) to control the
       height and width.
[browser] The width(-1) and height(-1) of chart should be greater than 0,
       please check the style of container, or the props width(100%) and height(100%),
       or add a minWidth(0) or minHeight(undefined) or use aspect(undefined) to control the
       height and width.
[browser] The width(-1) and height(-1) of chart should be greater than 0,
       please check the style of container, or the props width(100%) and height(100%),
       or add a minWidth(0) or minHeight(undefined) or use aspect(undefined) to control the
       height and width.
[browser] The width(-1) and height(-1) of chart should be greater than 0,
       please check the style of container, or the props width(100%) and height(100%),
       or add a minWidth(0) or minHeight(undefined) or use aspect(undefined) to control the
       height and width.
[browser] The width(-1) and height(-1) of chart should be greater than 0,
       please check the style of container, or the props width(100%) and height(100%),
       or add a minWidth(0) or minHeight(undefined) or use aspect(undefined) to control the
       height and width.
[browser] The width(-1) and height(-1) of chart should be greater than 0,
       please check the style of container, or the props width(100%) and height(100%),
       or add a minWidth(0) or minHeight(undefined) or use aspect(undefined) to control the
       height and width.
[browser] The width(-1) and height(-1) of chart should be greater than 0,
       please check the style of container, or the props width(100%) and height(100%),
       or add a minWidth(0) or minHeight(undefined) or use aspect(undefined) to control the
       height and width.
[browser] The width(-1) and height(-1) of chart should be greater than 0,
       please check the style of container, or the props width(100%) and height(100%),
       or add a minWidth(0) or minHeight(undefined) or use aspect(undefined) to control the
       height and width.
[browser] The width(-1) and height(-1) of chart should be greater than 0,
       please check the style of container, or the props width(100%) and height(100%),
       or add a minWidth(0) or minHeight(undefined) or use aspect(undefined) to control the
       height and width.
[browser] The width(-1) and height(-1) of chart should be greater than 0,
       please check the style of container, or the props width(100%) and height(100%),
       or add a minWidth(0) or minHeight(undefined) or use aspect(undefined) to control the
       height and width.
[browser] The width(-1) and height(-1) of chart should be greater than 0,
       please check the style of container, or the props width(100%) and height(100%),
       or add a minWidth(0) or minHeight(undefined) or use aspect(undefined) to control the
       height and width.
[browser] The width(-1) and height(-1) of chart should be greater than 0,
       please check the style of container, or the props width(100%) and height(100%),
       or add a minWidth(0) or minHeight(undefined) or use aspect(undefined) to control the
       height and width.
[browser] The width(-1) and height(-1) of chart should be greater than 0,
       please check the style of container, or the props width(100%) and height(100%),
       or add a minWidth(0) or minHeight(undefined) or use aspect(undefined) to control the
       height and width.
[browser] The width(-1) and height(-1) of chart should be greater than 0,
       please check the style of container, or the props width(100%) and height(100%),
       or add a minWidth(0) or minHeight(undefined) or use aspect(undefined) to control the
       height and width.
[browser] The width(-1) and height(-1) of chart should be greater than 0,
       please check the style of container, or the props width(100%) and height(100%),
       or add a minWidth(0) or minHeight(undefined) or use aspect(undefined) to control the
       height and width.
[browser] The width(-1) and height(-1) of chart should be greater than 0,
       please check the style of container, or the props width(100%) and height(100%),
       or add a minWidth(0) or minHeight(undefined) or use aspect(undefined) to control the
       height and width.
[browser] The width(-1) and height(-1) of chart should be greater than 0,
       please check the style of container, or the props width(100%) and height(100%),
       or add a minWidth(0) or minHeight(undefined) or use aspect(undefined) to control the
       height and width.
[browser] The width(-1) and height(-1) of chart should be greater than 0,
       please check the style of container, or the props width(100%) and height(100%),
       or add a minWidth(0) or minHeight(undefined) or use aspect(undefined) to control the
       height and width.
[browser] The width(-1) and height(-1) of chart should be greater than 0,
       please check the style of container, or the props width(100%) and height(100%),
       or add a minWidth(0) or minHeight(undefined) or use aspect(undefined) to control the
       height and width.
[browser] The width(-1) and height(-1) of chart should be greater than 0,
       please check the style of container, or the props width(100%) and height(100%),
       or add a minWidth(0) or minHeight(undefined) or use aspect(undefined) to control the
       height and width.
[browser] Image with src "https://pub-5fbe646472384dcea7faa57c6d3b183c.r2.dev/products/empresa-1/producto-8/color-2/214ea0c4-a02c-4a76-85e0-0e88067b125b/thumb.webp" has either width or height modified, but not the other. If you use CSS to change the size of your image, also include the styles 'width: "auto"' or 'height: "auto"' to maintain the aspect ratio.
[browser] The width(-1) and height(-1) of chart should be greater than 0,
       please check the style of container, or the props width(100%) and height(100%),
       or add a minWidth(0) or minHeight(undefined) or use aspect(undefined) to control the
       height and width.
[browser] The width(-1) and height(-1) of chart should be greater than 0,
       please check the style of container, or the props width(100%) and height(100%),
       or add a minWidth(0) or minHeight(undefined) or use aspect(undefined) to control the
       height and width.
[browser] The width(-1) and height(-1) of chart should be greater than 0,
       please check the style of container, or the props width(100%) and height(100%),
       or add a minWidth(0) or minHeight(undefined) or use aspect(undefined) to control the
       height and width.
[browser] The width(-1) and height(-1) of chart should be greater than 0,
       please check the style of container, or the props width(100%) and height(100%),
       or add a minWidth(0) or minHeight(undefined) or use aspect(undefined) to control the
       height and width.
[browser] The width(-1) and height(-1) of chart should be greater than 0,
       please check the style of container, or the props width(100%) and height(100%),
       or add a minWidth(0) or minHeight(undefined) or use aspect(undefined) to control the
       height and width.
[browser] The width(-1) and height(-1) of chart should be greater than 0,
       please check the style of container, or the props width(100%) and height(100%),
       or add a minWidth(0) or minHeight(undefined) or use aspect(undefined) to control the
       height and width.
[browser] The width(-1) and height(-1) of chart should be greater than 0,
       please check the style of container, or the props width(100%) and height(100%),
       or add a minWidth(0) or minHeight(undefined) or use aspect(undefined) to control the
       height and width.
[browser] The width(-1) and height(-1) of chart should be greater than 0,
       please check the style of container, or the props width(100%) and height(100%),
       or add a minWidth(0) or minHeight(undefined) or use aspect(undefined) to control the
       height and width.
[browser] The width(-1) and height(-1) of chart should be greater than 0,
       please check the style of container, or the props width(100%) and height(100%),
       or add a minWidth(0) or minHeight(undefined) or use aspect(undefined) to control the
       height and width.
[browser] The width(-1) and height(-1) of chart should be greater than 0,
       please check the style of container, or the props width(100%) and height(100%),
       or add a minWidth(0) or minHeight(undefined) or use aspect(undefined) to control the
       height and width.
[browser] The width(-1) and height(-1) of chart should be greater than 0,
       please check the style of container, or the props width(100%) and height(100%),
       or add a minWidth(0) or minHeight(undefined) or use aspect(undefined) to control the
       height and width.
[browser] The width(-1) and height(-1) of chart should be greater than 0,
       please check the style of container, or the props width(100%) and height(100%),
       or add a minWidth(0) or minHeight(undefined) or use aspect(undefined) to control the
       height and width.
[browser] The width(-1) and height(-1) of chart should be greater than 0,
       please check the style of container, or the props width(100%) and height(100%),
       or add a minWidth(0) or minHeight(undefined) or use aspect(undefined) to control the
       height and width.
[browser] The width(-1) and height(-1) of chart should be greater than 0,
       please check the style of container, or the props width(100%) and height(100%),
       or add a minWidth(0) or minHeight(undefined) or use aspect(undefined) to control the
       height and width.
[browser] The width(-1) and height(-1) of chart should be greater than 0,
       please check the style of container, or the props width(100%) and height(100%),
       or add a minWidth(0) or minHeight(undefined) or use aspect(undefined) to control the
       height and width.
[browser] The width(-1) and height(-1) of chart should be greater than 0,
       please check the style of container, or the props width(100%) and height(100%),
       or add a minWidth(0) or minHeight(undefined) or use aspect(undefined) to control the
       height and width.
[browser] The width(-1) and height(-1) of chart should be greater than 0,
       please check the style of container, or the props width(100%) and height(100%),
       or add a minWidth(0) or minHeight(undefined) or use aspect(undefined) to control the
       height and width.
[browser] The width(-1) and height(-1) of chart should be greater than 0,
       please check the style of container, or the props width(100%) and height(100%),
       or add a minWidth(0) or minHeight(undefined) or use aspect(undefined) to control the
       height and width.
[browser] The width(-1) and height(-1) of chart should be greater than 0,
       please check the style of container, or the props width(100%) and height(100%),
       or add a minWidth(0) or minHeight(undefined) or use aspect(undefined) to control the
       height and width.
[browser] The width(-1) and height(-1) of chart should be greater than 0,
       please check the style of container, or the props width(100%) and height(100%),
       or add a minWidth(0) or minHeight(undefined) or use aspect(undefined) to control the
       height and width.
[browser] The width(-1) and height(-1) of chart should be greater than 0,
       please check the style of container, or the props width(100%) and height(100%),
       or add a minWidth(0) or minHeight(undefined) or use aspect(undefined) to control the
       height and width.
[browser] The width(-1) and height(-1) of chart should be greater than 0,
       please check the style of container, or the props width(100%) and height(100%),
       or add a minWidth(0) or minHeight(undefined) or use aspect(undefined) to control the
       height and width.
[browser] The width(-1) and height(-1) of chart should be greater than 0,
       please check the style of container, or the props width(100%) and height(100%),
       or add a minWidth(0) or minHeight(undefined) or use aspect(undefined) to control the
       height and width.
[browser] The width(-1) and height(-1) of chart should be greater than 0,
       please check the style of container, or the props width(100%) and height(100%),
       or add a minWidth(0) or minHeight(undefined) or use aspect(undefined) to control the
       height and width.
[browser] The width(-1) and height(-1) of chart should be greater than 0,
       please check the style of container, or the props width(100%) and height(100%),
       or add a minWidth(0) or minHeight(undefined) or use aspect(undefined) to control the
       height and width.
[browser] The width(-1) and height(-1) of chart should be greater than 0,
       please check the style of container, or the props width(100%) and height(100%),
       or add a minWidth(0) or minHeight(undefined) or use aspect(undefined) to control the
       height and width.
[browser] The width(-1) and height(-1) of chart should be greater than 0,
       please check the style of container, or the props width(100%) and height(100%),
       or add a minWidth(0) or minHeight(undefined) or use aspect(undefined) to control the
       height and width.
[browser] The width(-1) and height(-1) of chart should be greater than 0,
       please check the style of container, or the props width(100%) and height(100%),
       or add a minWidth(0) or minHeight(undefined) or use aspect(undefined) to control the
       height and width.
[browser] The width(-1) and height(-1) of chart should be greater than 0,
       please check the style of container, or the props width(100%) and height(100%),
       or add a minWidth(0) or minHeight(undefined) or use aspect(undefined) to control the
       height and width.
[browser] The width(-1) and height(-1) of chart should be greater than 0,
       please check the style of container, or the props width(100%) and height(100%),
       or add a minWidth(0) or minHeight(undefined) or use aspect(undefined) to control the
       height and width.
[browser] The width(-1) and height(-1) of chart should be greater than 0,
       please check the style of container, or the props width(100%) and height(100%),
       or add a minWidth(0) or minHeight(undefined) or use aspect(undefined) to control the
       height and width.
[browser] The width(-1) and height(-1) of chart should be greater than 0,
       please check the style of container, or the props width(100%) and height(100%),
       or add a minWidth(0) or minHeight(undefined) or use aspect(undefined) to control the
       height and width.
[browser] The width(-1) and height(-1) of chart should be greater than 0,
       please check the style of container, or the props width(100%) and height(100%),
       or add a minWidth(0) or minHeight(undefined) or use aspect(undefined) to control the
       height and width.
[browser] The width(-1) and height(-1) of chart should be greater than 0,
       please check the style of container, or the props width(100%) and height(100%),
       or add a minWidth(0) or minHeight(undefined) or use aspect(undefined) to control the
       height and width.
[browser] The width(-1) and height(-1) of chart should be greater than 0,
       please check the style of container, or the props width(100%) and height(100%),
       or add a minWidth(0) or minHeight(undefined) or use aspect(undefined) to control the
       height and width.
[browser] The width(-1) and height(-1) of chart should be greater than 0,
       please check the style of container, or the props width(100%) and height(100%),
       or add a minWidth(0) or minHeight(undefined) or use aspect(undefined) to control the
       height and width.
[browser] The width(-1) and height(-1) of chart should be greater than 0,
       please check the style of container, or the props width(100%) and height(100%),
       or add a minWidth(0) or minHeight(undefined) or use aspect(undefined) to control the
       height and width.
[browser] The width(-1) and height(-1) of chart should be greater than 0,
       please check the style of container, or the props width(100%) and height(100%),
       or add a minWidth(0) or minHeight(undefined) or use aspect(undefined) to control the
       height and width.
[browser] The width(-1) and height(-1) of chart should be greater than 0,
       please check the style of container, or the props width(100%) and height(100%),
       or add a minWidth(0) or minHeight(undefined) or use aspect(undefined) to control the
       height and width.
[browser] The width(-1) and height(-1) of chart should be greater than 0,
       please check the style of container, or the props width(100%) and height(100%),
       or add a minWidth(0) or minHeight(undefined) or use aspect(undefined) to control the
       height and width.
[browser] The width(-1) and height(-1) of chart should be greater than 0,
       please check the style of container, or the props width(100%) and height(100%),
       or add a minWidth(0) or minHeight(undefined) or use aspect(undefined) to control the
       height and width.
[browser] The width(-1) and height(-1) of chart should be greater than 0,
       please check the style of container, or the props width(100%) and height(100%),
       or add a minWidth(0) or minHeight(undefined) or use aspect(undefined) to control the
       height and width.
Compaction failed: Failed to compact database

Caused by:
    0: Failed to merge database files for family 2
    1: Failed to write compressed value block
    2: Failed to write block data
    3: Espacio en disco insuficiente. (os error 112)
Compaction failed: Another write batch or compaction is already active (Only a single write operations is allowed at a time)
Compaction failed: Another write batch or compaction is already active (Only a single write operations is allowed at a time)
[browser] Image with src "http://localhost:3001/svg/loader/Loader.svg" has either width or height modified, but not the other. If you use CSS to change the size of your image, also include the styles 'width: "auto"' or 'height: "auto"' to maintain the aspect ratio.
Persisting failed: Another write batch or compaction is already active (Only a single write operations is allowed at a time)
Compaction failed: Another write batch or compaction is already active (Only a single write operations is allowed at a time)
Compaction failed: Another write batch or compaction is already active (Only a single write operations is allowed at a time)
[browser] Image with src "http://localhost:3001/Logo/norbitex_logo.svg" has either width or height modified, but not the other. If you use CSS to change the size of your image, also include the styles 'width: "auto"' or 'height: "auto"' to maintain the aspect ratio.
Persisting failed: Another write batch or compaction is already active (Only a single write operations is allowed at a time)
Compaction failed: Another write batch or compaction is already active (Only a single write operations is allowed at a time)
Persisting failed: Another write batch or compaction is already active (Only a single write operations is allowed at a time)
Compaction failed: Another write batch or compaction is already active (Only a single write operations is allowed at a time)
Persisting failed: Another write batch or compaction is already active (Only a single write operations is allowed at a time)
Compaction failed: Another write batch or compaction is already active (Only a single write operations is allowed at a time)
Compaction failed: Another write batch or compaction is already active (Only a single write operations is allowed at a time)
Compaction failed: Another write batch or compaction is already active (Only a single write operations is allowed at a time)
Compaction failed: Another write batch or compaction is already active (Only a single write operations is allowed at a time)
Compaction failed: Another write batch or compaction is already active (Only a single write operations is allowed at a time)
Persisting failed: Another write batch or compaction is already active (Only a single write operations is allowed at a time)
Compaction failed: Another write batch or compaction is already active (Only a single write operations is allowed at a time)
Persisting failed: Another write batch or compaction is already active (Only a single write operations is allowed at a time)
Persisting failed: Another write batch or compaction is already active (Only a single write operations is allowed at a time)
Compaction failed: Another write batch or compaction is already active (Only a single write operations is allowed at a time)
Persisting failed: Another write batch or compaction is already active (Only a single write operations is allowed at a time)
Compaction failed: Another write batch or compaction is already active (Only a single write operations is allowed at a time)
Persisting failed: Another write batch or compaction is already active (Only a single write operations is allowed at a time)
Compaction failed: Another write batch or compaction is already active (Only a single write operations is allowed at a time)
Persisting failed: Another write batch or compaction is already active (Only a single write operations is allowed at a time)
Persisting failed: Another write batch or compaction is already active (Only a single write operations is allowed at a time)
Compaction failed: Another write batch or compaction is already active (Only a single write operations is allowed at a time)
Persisting failed: Another write batch or compaction is already active (Only a single write operations is allowed at a time)
Compaction failed: Another write batch or compaction is already active (Only a single write operations is allowed at a time)
Persisting failed: Another write batch or compaction is already active (Only a single write operations is allowed at a time)
Persisting failed: Another write batch or compaction is already active (Only a single write operations is allowed at a time)
Persisting failed: Another write batch or compaction is already active (Only a single write operations is allowed at a time)
Compaction failed: Another write batch or compaction is already active (Only a single write operations is allowed at a time)
Compaction failed: Another write batch or compaction is already active (Only a single write operations is allowed at a time)
Compaction failed: Another write batch or compaction is already active (Only a single write operations is allowed at a time)
Compaction failed: Another write batch or compaction is already active (Only a single write operations is allowed at a time)
Compaction failed: Another write batch or compaction is already active (Only a single write operations is allowed at a time)
Compaction failed: Another write batch or compaction is already active (Only a single write operations is allowed at a time)
Compaction failed: Another write batch or compaction is already active (Only a single write operations is allowed at a time)
Compaction failed: Another write batch or compaction is already active (Only a single write operations is allowed at a time)
Compaction failed: Another write batch or compaction is already active (Only a single write operations is allowed at a time)
Compaction failed: Another write batch or compaction is already active (Only a single write operations is allowed at a time)
Persisting failed: Another write batch or compaction is already active (Only a single write operations is allowed at a time)
Compaction failed: Another write batch or compaction is already active (Only a single write operations is allowed at a time)
Compaction failed: Another write batch or compaction is already active (Only a single write operations is allowed at a time)
