
> nobitex@0.1.0 dev
> next dev -p 3001

▲ Next.js 16.2.6 (Turbopack)
- Local:         http://localhost:3001
- Network:       http://192.168.0.109:3001
- Environments: .env
✓ Ready in 1477ms

✓ Finished writing to filesystem cache in 20.5s
 GET / 200 in 6.6s (next.js: 2.6s, application-code: 3.9s)
✓ Finished filesystem cache database compaction in 59s
 GET / 200 in 315ms (next.js: 61ms, application-code: 254ms)
 GET /dashboard 200 in 428ms (next.js: 220ms, application-code: 208ms)
 GET /superadmin 200 in 726ms (next.js: 222ms, application-code: 505ms)
 GET /superadmin 200 in 312ms (next.js: 63ms, application-code: 249ms)
 GET /font/CircularXXSub-Regular.woff 404 in 2.7s (next.js: 1384ms, application-code: 1346ms)
 GET /font/CircularXXSub-Bold.woff 404 in 1534ms (next.js: 1010ms, application-code: 523ms)
○ Compiling /stock/movimientos ...
 GET /login 200 in 23.4s (next.js: 4.2s, application-code: 19.2s)
✓ Finished writing to filesystem cache in 14.6s
 GET /superadmin/empresas 200 in 43s (next.js: 6.1s, application-code: 37.0s)
 GET /superadmin/empresas 200 in 35.4s (next.js: 1980ms, application-code: 33.4s)
 GET /superadmin/empresas 200 in 4.1s (next.js: 1521ms, application-code: 2.6s)
 GET /stock/movimientos 200 in 112s (next.js: 63s, application-code: 49s)
 GET /superadmin 200 in 30.0s (next.js: 958ms, application-code: 29.0s)
 GET /login 200 in 7.8s (next.js: 59ms, application-code: 7.8s)
 GET /login 200 in 10.7s (next.js: 520ms, application-code: 10.2s)
 GET /login 200 in 6.7s (next.js: 698ms, application-code: 6.0s)
 GET /font/CircularXXSub-Regular.woff 404 in 9.0s (next.js: 3.3s, application-code: 5.7s)
 GET /font/CircularXXSub-Regular.woff 404 in 2.8s (next.js: 276ms, application-code: 2.5s)
 GET /font/CircularXXSub-Bold.woff 404 in 2.8s (next.js: 570ms, application-code: 2.2s)
 GET /superadmin/empresas 200 in 406ms (next.js: 13ms, application-code: 393ms)
 GET /superadmin/empresas/consumos 200 in 1094ms (next.js: 669ms, application-code: 425ms)
 GET /superadmin/empresas/consumos/21 200 in 27.5s (next.js: 25.4s, application-code: 2.1s)
 GET /superadmin/empresas/consumos/20 200 in 3.8s (next.js: 471ms, application-code: 3.3s)
 GET /superadmin/empresas/consumos/20 200 in 3.7s (next.js: 149ms, application-code: 3.5s)
 GET /superadmin/empresas/consumos/20 200 in 1416ms (next.js: 196ms, application-code: 1221ms)
 GET /superadmin/empresas/consumos/20 200 in 1429ms (next.js: 686ms, application-code: 743ms)
 HEAD /login 200 in 273ms (next.js: 17ms, application-code: 256ms)
 GET /stock/movimientos 200 in 232ms (next.js: 32ms, application-code: 200ms)
 GET /login 200 in 345ms (next.js: 23ms, application-code: 322ms)
 GET /login 200 in 2.5s (next.js: 51ms, application-code: 2.5s)
 GET /login 200 in 2.3s (next.js: 427ms, application-code: 1877ms)
 GET /font/CircularXXSub-Regular.woff 404 in 2.3s (next.js: 1493ms, application-code: 760ms)
○ Compiling /superadmin/suscripciones ...
 GET /superadmin/suscripciones 200 in 4.4s (next.js: 4.2s, application-code: 183ms)
 GET /superadmin/suscripciones/22 200 in 7.9s (next.js: 7.0s, application-code: 886ms)
 GET /superadmin/suscripciones 200 in 183ms (next.js: 12ms, application-code: 171ms)
 GET /superadmin/suscripciones/23 200 in 281ms (next.js: 62ms, application-code: 219ms)
 GET /superadmin/planes 200 in 277ms (next.js: 169ms, application-code: 107ms)
 GET /superadmin/planes/basico 200 in 3.3s (next.js: 2.9s, application-code: 365ms)
 GET /superadmin/planes 200 in 52ms (next.js: 7ms, application-code: 45ms)
 GET /superadmin/planes/basico 200 in 267ms (next.js: 64ms, application-code: 204ms)
 GET /superadmin/planes 200 in 66ms (next.js: 9ms, application-code: 56ms)
 GET /superadmin/afiliados 200 in 149ms (next.js: 89ms, application-code: 60ms)
 GET /superadmin/afiliados/nuevo 200 in 2.3s (next.js: 2.1s, application-code: 225ms)
 GET /superadmin/afiliados 200 in 72ms (next.js: 13ms, application-code: 59ms)
 GET /superadmin/facturacion/comprobantes 200 in 157ms (next.js: 95ms, application-code: 62ms)
 GET /superadmin/facturacion/emisor 200 in 143ms (next.js: 89ms, application-code: 54ms)
 GET /superadmin/administracion/notificaciones 200 in 307ms (next.js: 181ms, application-code: 126ms)
 GET /superadmin/administracion/usuarios 200 in 397ms (next.js: 280ms, application-code: 117ms)
 GET /superadmin/administracion/notificaciones 200 in 47ms (next.js: 6ms, application-code: 41ms)
 GET /superadmin/auditoria/planes 200 in 165ms (next.js: 115ms, application-code: 50ms)
 GET /superadmin/auditoria/actividad 200 in 156ms (next.js: 100ms, application-code: 56ms)
 GET /superadmin/mi-cuenta 200 in 144ms (next.js: 89ms, application-code: 55ms)
 GET /superadmin/mi-cuenta/seguridad 200 in 198ms (next.js: 143ms, application-code: 55ms)
 GET /superadmin 200 in 66ms (next.js: 13ms, application-code: 52ms)
 GET /login 200 in 206ms (next.js: 14ms, application-code: 192ms)
 GET /login 200 in 126ms (next.js: 25ms, application-code: 102ms)
 GET /dashboard 200 in 148ms (next.js: 48ms, application-code: 101ms)
 GET /dashboard 200 in 130ms (next.js: 23ms, application-code: 108ms)
 GET /notificaciones 200 in 152ms (next.js: 99ms, application-code: 53ms)
 GET /dashboard 200 in 56ms (next.js: 8ms, application-code: 48ms)
 GET /ventas 200 in 174ms (next.js: 106ms, application-code: 69ms)
 GET /font/CircularXXSub-Black.woff 404 in 471ms (next.js: 129ms, application-code: 342ms)
 GET /caja 200 in 166ms (next.js: 102ms, application-code: 65ms)
 GET /cotizaciones 200 in 100ms (next.js: 60ms, application-code: 40ms)
 GET /clientes 200 in 159ms (next.js: 91ms, application-code: 68ms)
 GET /historial/ventas 200 in 141ms (next.js: 74ms, application-code: 67ms)
 GET /historial/cotizaciones 200 in 231ms (next.js: 94ms, application-code: 137ms)
 GET /facturacion/comprobantes 200 in 160ms (next.js: 70ms, application-code: 89ms)
 GET /facturacion/nota-credito 200 in 189ms (next.js: 101ms, application-code: 87ms)
 GET /facturacion/series 200 in 120ms (next.js: 68ms, application-code: 52ms)
 GET /catalogo/productos 200 in 219ms (next.js: 126ms, application-code: 93ms)
 GET /catalogo/categorias 200 in 750ms (next.js: 180ms, application-code: 569ms)
 GET /catalogo/marcas 200 in 131ms (next.js: 80ms, application-code: 51ms)
 GET /catalogo/tallas 200 in 1823ms (next.js: 744ms, application-code: 1080ms)
 GET /catalogo/colores 200 in 1514ms (next.js: 1330ms, application-code: 184ms)
 GET /catalogo/colores 200 in 189ms (next.js: 37ms, application-code: 152ms)
✓ Finished filesystem cache database compaction in 17.0s
 GET /stock/movimientos 200 in 59ms (next.js: 10ms, application-code: 49ms)
○ Compiling /stock/movimientos/nuevo ...
 GET /administracion/sucursales 200 in 2.9s (next.js: 2.7s, application-code: 193ms)
 GET /administracion/usuarios 200 in 1934ms (next.js: 1775ms, application-code: 159ms)
 GET /stock/movimientos/nuevo 200 in 25.1s (next.js: 24.8s, application-code: 303ms)
 GET /reportes/ventas 200 in 657ms (next.js: 193ms, application-code: 464ms)
 GET /reportes/productos 200 in 507ms (next.js: 125ms, application-code: 382ms)
 GET /configuracion/empresa 200 in 3.9s (next.js: 3.6s, application-code: 301ms)
 GET /configuracion/metodos-pago 200 in 230ms (next.js: 179ms, application-code: 51ms)
 GET /configuracion/plan 200 in 149ms (next.js: 92ms, application-code: 57ms)
 GET /configuracion/mi-cuenta 200 in 134ms (next.js: 81ms, application-code: 53ms)
 GET /dashboard 200 in 85ms (next.js: 11ms, application-code: 74ms)
 GET /login 200 in 204ms (next.js: 32ms, application-code: 172ms)
 GET /login 200 in 105ms (next.js: 11ms, application-code: 94ms)
 GET /register 200 in 180ms (next.js: 108ms, application-code: 72ms)
 GET / 200 in 168ms (next.js: 51ms, application-code: 117ms)
 GET /font/CircularXXSub-Regular.woff 404 in 171ms (next.js: 20ms, application-code: 151ms)
 GET /register 200 in 80ms (next.js: 34ms, application-code: 46ms)
 GET /font/CircularXXSub-Bold.woff 404 in 280ms (next.js: 16ms, application-code: 264ms)
 GET /dashboard 200 in 271ms (next.js: 120ms, application-code: 151ms)
 GET /onboarding 200 in 775ms (next.js: 363ms, application-code: 413ms)
 GET /onboarding 200 in 248ms (next.js: 30ms, application-code: 219ms)
 GET /onboarding 200 in 109ms (next.js: 29ms, application-code: 80ms)
 GET / 200 in 127ms (next.js: 12ms, application-code: 115ms)
 GET /dashboard 200 in 74ms (next.js: 9ms, application-code: 65ms)
 GET /onboarding 200 in 319ms (next.js: 12ms, application-code: 307ms)
 GET /onboarding 200 in 224ms (next.js: 33ms, application-code: 191ms)
 GET /font/CircularXXSub-Bold.woff 404 in 310ms (next.js: 40ms, application-code: 270ms)
 GET /font/CircularXXSub-Regular.woff 404 in 290ms (next.js: 166ms, application-code: 123ms)
 GET / 200 in 195ms (next.js: 15ms, application-code: 180ms)
 GET /dashboard 200 in 202ms (next.js: 11ms, application-code: 191ms)
 GET /onboarding 200 in 146ms (next.js: 12ms, application-code: 135ms)
 GET /font/CircularXXSub-Bold.woff 404 in 415ms (next.js: 21ms, application-code: 394ms)
 GET /font/CircularXXSub-Regular.woff 404 in 415ms (next.js: 188ms, application-code: 227ms)
 GET /catalogo/productos/crear?onboarding=1 200 in 157ms (next.js: 98ms, application-code: 59ms)
 GET /dashboard 200 in 66ms (next.js: 9ms, application-code: 57ms)
 GET /ventas 200 in 58ms (next.js: 16ms, application-code: 42ms)
 GET /font/CircularXXSub-Black.woff 404 in 252ms (next.js: 95ms, application-code: 157ms)
 GET /configuracion/plan 200 in 72ms (next.js: 10ms, application-code: 62ms)
 GET /login 200 in 167ms (next.js: 28ms, application-code: 139ms)
 GET /login 200 in 77ms (next.js: 20ms, application-code: 57ms)
 GET /dashboard 200 in 122ms (next.js: 11ms, application-code: 111ms)
 GET /dashboard 200 in 49ms (next.js: 4ms, application-code: 45ms)
 GET /superadmin 200 in 215ms (next.js: 24ms, application-code: 191ms)
 GET /superadmin 200 in 99ms (next.js: 18ms, application-code: 81ms)
 GET /superadmin/empresas 200 in 105ms (next.js: 19ms, application-code: 86ms)
 GET /superadmin/empresas/consumos 200 in 45ms (next.js: 11ms, application-code: 34ms)
 GET /superadmin/suscripciones 200 in 66ms (next.js: 35ms, application-code: 31ms)
 GET /superadmin/suscripciones/24 200 in 88ms (next.js: 39ms, application-code: 49ms)
 GET /superadmin/suscripciones 200 in 54ms (next.js: 6ms, application-code: 48ms)
 GET /login 200 in 153ms (next.js: 15ms, application-code: 139ms)
 GET /login 200 in 75ms (next.js: 14ms, application-code: 62ms)
 GET /dashboard 200 in 158ms (next.js: 12ms, application-code: 146ms)
 GET /dashboard 200 in 57ms (next.js: 11ms, application-code: 47ms)
 GET /configuracion/plan 200 in 34ms (next.js: 4ms, application-code: 29ms)
 GET /configuracion/plan 200 in 41ms (next.js: 13ms, application-code: 28ms)
 GET /configuracion/plan 200 in 89ms (next.js: 18ms, application-code: 71ms)
 GET /notificaciones 200 in 93ms (next.js: 44ms, application-code: 49ms)
 GET /configuracion/plan 200 in 42ms (next.js: 5ms, application-code: 37ms)
 GET /notificaciones 200 in 75ms (next.js: 12ms, application-code: 63ms)
 GET /dashboard 200 in 51ms (next.js: 9ms, application-code: 42ms)
 GET /ventas 200 in 50ms (next.js: 6ms, application-code: 44ms)
 GET /login 200 in 136ms (next.js: 12ms, application-code: 124ms)
 GET /login 200 in 65ms (next.js: 12ms, application-code: 54ms)
 GET /dashboard 200 in 135ms (next.js: 19ms, application-code: 116ms)
 GET /dashboard 200 in 68ms (next.js: 8ms, application-code: 60ms)
 GET /superadmin 200 in 297ms (next.js: 35ms, application-code: 262ms)
 GET /superadmin 200 in 131ms (next.js: 45ms, application-code: 85ms)
 GET /superadmin/planes 200 in 90ms (next.js: 23ms, application-code: 67ms)
 GET /superadmin/suscripciones 200 in 36ms (next.js: 4ms, application-code: 32ms)
 GET /superadmin/planes 200 in 39ms (next.js: 7ms, application-code: 33ms)
 GET /superadmin/empresas/consumos 200 in 30ms (next.js: 5ms, application-code: 26ms)
 GET /superadmin/empresas/consumos/24 200 in 67ms (next.js: 22ms, application-code: 44ms)
 GET /superadmin/empresas/consumos 200 in 48ms (next.js: 4ms, application-code: 43ms)
 GET /login 200 in 65ms (next.js: 10ms, application-code: 55ms)
 GET /login 200 in 56ms (next.js: 9ms, application-code: 47ms)
 GET /dashboard 200 in 171ms (next.js: 19ms, application-code: 152ms)
 GET /dashboard 200 in 19ms (next.js: 7ms, application-code: 12ms)
 GET /dashboard 200 in 53ms (next.js: 6ms, application-code: 47ms)
 GET /configuracion/plan 200 in 34ms (next.js: 4ms, application-code: 30ms)
 GET /configuracion/plan 200 in 30ms (next.js: 11ms, application-code: 19ms)
 GET /configuracion/plan 200 in 42ms (next.js: 5ms, application-code: 37ms)
 GET /notificaciones 200 in 58ms (next.js: 9ms, application-code: 49ms)
 GET /configuracion/plan 200 in 64ms (next.js: 8ms, application-code: 56ms)
 GET /login 200 in 79ms (next.js: 8ms, application-code: 71ms)
 GET /login 200 in 155ms (next.js: 24ms, application-code: 131ms)
 GET /dashboard 200 in 114ms (next.js: 7ms, application-code: 108ms)
 GET /dashboard 200 in 57ms (next.js: 9ms, application-code: 48ms)
 GET /superadmin 200 in 164ms (next.js: 15ms, application-code: 149ms)
 GET /superadmin 200 in 65ms (next.js: 9ms, application-code: 56ms)
 GET /superadmin/empresas 200 in 102ms (next.js: 13ms, application-code: 89ms)
 GET /superadmin/suscripciones 200 in 34ms (next.js: 5ms, application-code: 29ms)
 GET /superadmin 200 in 39ms (next.js: 7ms, application-code: 32ms)
 GET /superadmin/empresas/consumos 200 in 38ms (next.js: 7ms, application-code: 31ms)
 GET /superadmin/empresas 200 in 68ms (next.js: 13ms, application-code: 55ms)
 GET /superadmin/empresas/consumos 200 in 39ms (next.js: 6ms, application-code: 33ms)
 GET /superadmin 200 in 84ms (next.js: 12ms, application-code: 72ms)
 GET /superadmin/empresas/consumos 200 in 35ms (next.js: 5ms, application-code: 30ms)
 GET /superadmin/empresas 200 in 29ms (next.js: 3ms, application-code: 26ms)
 GET /superadmin/suscripciones 200 in 53ms (next.js: 6ms, application-code: 46ms)
 GET /superadmin/planes 200 in 49ms (next.js: 5ms, application-code: 44ms)
 GET /superadmin/suscripciones 200 in 80ms (next.js: 11ms, application-code: 70ms)
 GET /superadmin 200 in 52ms (next.js: 10ms, application-code: 42ms)
 GET /superadmin/suscripciones 200 in 45ms (next.js: 6ms, application-code: 40ms)
 GET /superadmin/suscripciones/24 200 in 70ms (next.js: 18ms, application-code: 52ms)
 GET /superadmin/planes 200 in 80ms (next.js: 44ms, application-code: 36ms)
 GET /superadmin/suscripciones 200 in 39ms (next.js: 5ms, application-code: 34ms)
 GET /superadmin/planes 200 in 35ms (next.js: 4ms, application-code: 31ms)
 GET /superadmin/suscripciones 200 in 62ms (next.js: 31ms, application-code: 31ms)
 GET /superadmin/suscripciones/24 200 in 54ms (next.js: 11ms, application-code: 43ms)
 GET /superadmin/suscripciones 200 in 32ms (next.js: 4ms, application-code: 28ms)
 GET /superadmin/empresas 200 in 36ms (next.js: 6ms, application-code: 30ms)
 GET /superadmin/facturacion/comprobantes 200 in 74ms (next.js: 31ms, application-code: 43ms)
 GET /superadmin/facturacion/emisor 200 in 63ms (next.js: 12ms, application-code: 50ms)
 GET /login 200 in 324ms (next.js: 30ms, application-code: 294ms)
 GET /login 200 in 184ms (next.js: 65ms, application-code: 119ms)
 GET /dashboard 200 in 187ms (next.js: 21ms, application-code: 166ms)
 GET /dashboard 200 in 60ms (next.js: 7ms, application-code: 53ms)
 GET / 200 in 621ms (next.js: 214ms, application-code: 407ms)
 GET /dashboard 200 in 82ms (next.js: 13ms, application-code: 69ms)
 GET /font/CircularXXSub-Bold.woff 404 in 532ms (next.js: 64ms, application-code: 469ms)
 GET /font/CircularXXSub-Regular.woff 404 in 504ms (next.js: 159ms, application-code: 345ms)
✓ Compiled in 3.3s
 GET /dashboard 200 in 831ms (next.js: 153ms, application-code: 678ms)
 GET /font/CircularXXSub-Bold.woff 404 in 2.1s (next.js: 877ms, application-code: 1268ms)
 GET /font/CircularXXSub-Regular.woff 404 in 2.1s (next.js: 957ms, application-code: 1187ms)
 GET /login 200 in 861ms (next.js: 497ms, application-code: 364ms)
 GET /font/CircularXXSub-Regular.woff 404 in 252ms (next.js: 23ms, application-code: 228ms)
 GET /login 200 in 172ms (next.js: 10ms, application-code: 161ms)
 GET /login 200 in 87ms (next.js: 11ms, application-code: 76ms)
 GET /font/CircularXXSub-Regular.woff 404 in 355ms (next.js: 193ms, application-code: 162ms)
✓ Compiled in 1626ms
 GET /font/CircularXXSub-Regular.woff 404 in 112ms (next.js: 15ms, application-code: 97ms)
 GET /login 200 in 396ms (next.js: 11ms, application-code: 384ms)
✓ Compiled in 1275ms
 GET /login 200 in 741ms (next.js: 197ms, application-code: 544ms)
 GET /login 200 in 458ms (next.js: 18ms, application-code: 440ms)
 GET /font/CircularXXSub-Regular.woff 404 in 341ms (next.js: 134ms, application-code: 208ms)
 GET /font/CircularXXSub-Regular.woff 404 in 352ms (next.js: 55ms, application-code: 297ms)
 GET /font/CircularXXSub-Bold.woff 404 in 351ms (next.js: 95ms, application-code: 256ms)
 GET /font/CircularXXSub-Bold.woff 404 in 349ms (next.js: 262ms, application-code: 87ms)
✓ Compiled in 1224ms
 GET /login 200 in 161ms (next.js: 5ms, application-code: 156ms)
 GET /font/CircularXXSub-Regular.woff 404 in 797ms (next.js: 44ms, application-code: 753ms)
 GET /font/CircularXXSub-Bold.woff 404 in 788ms (next.js: 195ms, application-code: 593ms)
 GET /font/CircularXXSub-Regular.woff 404 in 362ms (next.js: 50ms, application-code: 312ms)
 GET /font/CircularXXSub-Bold.woff 404 in 361ms (next.js: 184ms, application-code: 177ms)
✓ Compiled in 1170ms
 GET /login 200 in 325ms (next.js: 178ms, application-code: 148ms)
 GET /login 200 in 328ms (next.js: 263ms, application-code: 65ms)
 GET /font/CircularXXSub-Bold.woff 404 in 1697ms (next.js: 249ms, application-code: 1449ms)
 GET /font/CircularXXSub-Regular.woff 404 in 1490ms (next.js: 86ms, application-code: 1404ms)
 GET /font/CircularXXSub-Regular.woff 404 in 1714ms (next.js: 1039ms, application-code: 675ms)
 GET /font/CircularXXSub-Bold.woff 404 in 1489ms (next.js: 977ms, application-code: 511ms)
✓ Compiled in 257ms
 GET /login 200 in 454ms (next.js: 246ms, application-code: 207ms)
 GET /login 200 in 455ms (next.js: 376ms, application-code: 79ms)
 GET /login 200 in 273ms (next.js: 7ms, application-code: 266ms)
✓ Compiled in 205ms
 GET /login 200 in 392ms (next.js: 189ms, application-code: 203ms)
 GET /login 200 in 407ms (next.js: 315ms, application-code: 92ms)
 GET /login 200 in 225ms (next.js: 6ms, application-code: 219ms)
 GET /login 200 in 138ms (next.js: 6ms, application-code: 132ms)
 GET /font/CircularXXSub-Regular.woff 404 in 240ms (next.js: 34ms, application-code: 206ms)
 GET /font/CircularXXSub-Bold.woff 404 in 230ms (next.js: 125ms, application-code: 105ms)
✓ Compiled in 861ms
 GET /login 200 in 176ms (next.js: 100ms, application-code: 76ms)
 GET /login 200 in 197ms (next.js: 146ms, application-code: 52ms)
 GET /login 200 in 322ms (next.js: 7ms, application-code: 314ms)
 GET /font/CircularXXSub-Regular.woff 404 in 526ms (next.js: 32ms, application-code: 495ms)
 GET /font/CircularXXSub-Bold.woff 404 in 527ms (next.js: 131ms, application-code: 396ms)
 GET /font/CircularXXSub-Regular.woff 404 in 301ms (next.js: 17ms, application-code: 284ms)
 GET /font/CircularXXSub-Bold.woff 404 in 302ms (next.js: 135ms, application-code: 167ms)
 GET /login 200 in 189ms (next.js: 9ms, application-code: 180ms)
 GET /font/CircularXXSub-Regular.woff 404 in 164ms (next.js: 16ms, application-code: 148ms)
 GET /font/CircularXXSub-Bold.woff 404 in 162ms (next.js: 76ms, application-code: 86ms)
 GET /login 200 in 122ms (next.js: 8ms, application-code: 114ms)
 GET /font/CircularXXSub-Regular.woff 404 in 184ms (next.js: 18ms, application-code: 167ms)
 GET /font/CircularXXSub-Bold.woff 404 in 199ms (next.js: 77ms, application-code: 122ms)
 GET /forgot-password 200 in 173ms (next.js: 110ms, application-code: 63ms)
 GET /login 200 in 69ms (next.js: 8ms, application-code: 61ms)
 GET /register 200 in 122ms (next.js: 46ms, application-code: 77ms)
 GET /dashboard 200 in 105ms (next.js: 51ms, application-code: 54ms)
 GET /onboarding 200 in 276ms (next.js: 62ms, application-code: 214ms)
 GET /onboarding 200 in 203ms (next.js: 22ms, application-code: 181ms)
 GET /onboarding 200 in 90ms (next.js: 20ms, application-code: 70ms)
✓ Compiled in 1328ms
 GET /onboarding 200 in 664ms (next.js: 549ms, application-code: 114ms)
 GET /login 200 in 694ms (next.js: 216ms, application-code: 478ms)
✓ Compiled in 1369ms
 GET /onboarding 200 in 354ms (next.js: 11ms, application-code: 343ms)
 GET /font/CircularXXSub-Bold.woff 404 in 145ms (next.js: 37ms, application-code: 108ms)
 GET /font/CircularXXSub-Regular.woff 404 in 210ms (next.js: 26ms, application-code: 183ms)
 GET /font/CircularXXSub-Bold.woff 404 in 119ms (next.js: 24ms, application-code: 95ms)
✓ Compiled in 1473ms
 GET /font/CircularXXSub-Regular.woff 404 in 234ms (next.js: 26ms, application-code: 208ms)
 GET /font/CircularXXSub-Bold.woff 404 in 112ms (next.js: 20ms, application-code: 92ms)
 GET /font/CircularXXSub-Bold.woff 404 in 107ms (next.js: 13ms, application-code: 93ms)
 GET /dashboard 200 in 135ms (next.js: 71ms, application-code: 64ms)
 GET /font/CircularXXSub-Regular.woff 404 in 189ms (next.js: 25ms, application-code: 164ms)
 GET /configuracion/plan 200 in 110ms (next.js: 40ms, application-code: 70ms)
 GET /dashboard 200 in 49ms (next.js: 5ms, application-code: 44ms)
 GET /login 200 in 148ms (next.js: 11ms, application-code: 137ms)
 GET /login 200 in 96ms (next.js: 13ms, application-code: 84ms)
 GET /register 200 in 68ms (next.js: 31ms, application-code: 37ms)
✓ Compiled in 1916ms
 GET /login 200 in 830ms (next.js: 238ms, application-code: 592ms)
 GET /register 200 in 832ms (next.js: 717ms, application-code: 115ms)
 GET /font/CircularXXSub-Regular.woff 404 in 739ms (next.js: 70ms, application-code: 669ms)
 GET /font/CircularXXSub-Bold.woff 404 in 135ms (next.js: 18ms, application-code: 118ms)
✓ Compiled in 1408ms
 GET /register 200 in 297ms (next.js: 7ms, application-code: 291ms)
 GET /font/CircularXXSub-Regular.woff 404 in 211ms (next.js: 15ms, application-code: 196ms)
 GET /font/CircularXXSub-Bold.woff 404 in 238ms (next.js: 89ms, application-code: 150ms)
 GET /font/CircularXXSub-Regular.woff 404 in 146ms (next.js: 12ms, application-code: 133ms)
 GET /font/CircularXXSub-Bold.woff 404 in 69ms (next.js: 8ms, application-code: 60ms)
 GET /register 200 in 143ms (next.js: 9ms, application-code: 134ms)
 GET /font/CircularXXSub-Regular.woff 404 in 243ms (next.js: 16ms, application-code: 227ms)
 GET /font/CircularXXSub-Bold.woff 404 in 237ms (next.js: 102ms, application-code: 135ms)
✓ Compiled in 335ms
 GET /register 200 in 453ms (next.js: 223ms, application-code: 230ms)
 GET /login 200 in 456ms (next.js: 376ms, application-code: 80ms)
✓ Finished filesystem cache database compaction in 13.4s
✓ Compiled in 2s
 GET /font/CircularXXSub-Bold.woff 404 in 637ms (next.js: 446ms, application-code: 190ms)
 GET /font/CircularXXSub-Regular.woff 404 in 655ms (next.js: 174ms, application-code: 482ms)
 GET /register 200 in 134ms (next.js: 10ms, application-code: 124ms)
 GET /login 200 in 82ms (next.js: 12ms, application-code: 70ms)
 GET /forgot-password 200 in 124ms (next.js: 53ms, application-code: 71ms)
 GET /forgot-password?token=kX_apg9XWeXHS9sH0yAt9OAgzH52Su1upDAGC-da894 200 in 219ms (next.js: 10ms, application-code: 209ms)
 GET /font/CircularXXSub-Regular.woff 404 in 187ms (next.js: 16ms, application-code: 171ms)
 GET /login 200 in 126ms (next.js: 10ms, application-code: 116ms)
 GET /login 200 in 69ms (next.js: 12ms, application-code: 57ms)
 GET /font/CircularXXSub-Bold.woff 404 in 126ms (next.js: 16ms, application-code: 110ms)
 GET /font/CircularXXSub-Regular.woff 404 in 137ms (next.js: 18ms, application-code: 119ms)
 GET /font/CircularXXSub-Bold.woff 404 in 65ms (next.js: 11ms, application-code: 54ms)
 GET /dashboard 200 in 93ms (next.js: 41ms, application-code: 52ms)
 GET /dashboard 200 in 143ms (next.js: 39ms, application-code: 103ms)
 GET /ventas 200 in 81ms (next.js: 38ms, application-code: 43ms)
 GET /font/CircularXXSub-Black.woff 404 in 180ms (next.js: 19ms, application-code: 162ms)
 GET /caja 200 in 110ms (next.js: 47ms, application-code: 64ms)
 GET /clientes 200 in 150ms (next.js: 73ms, application-code: 78ms)
 GET /dashboard 200 in 68ms (next.js: 6ms, application-code: 62ms)
 GET /stock/movimientos 200 in 113ms (next.js: 46ms, application-code: 67ms)
 GET /stock/movimientos/nuevo 200 in 116ms (next.js: 49ms, application-code: 68ms)
 GET /stock/movimientos 200 in 40ms (next.js: 6ms, application-code: 34ms)
○ Compiling /stock/traspasos ...
 GET /stock/traspasos 200 in 6.9s (next.js: 6.9s, application-code: 71ms)
 GET /stock/movimientos 200 in 54ms (next.js: 8ms, application-code: 45ms)
 GET /stock/traspasos 200 in 81ms (next.js: 9ms, application-code: 73ms)
 GET /stock/traspasos/nuevo 200 in 2.3s (next.js: 2.2s, application-code: 87ms)
✓ Finished filesystem cache database compaction in 11.6s
 GET /stock/movimientos 200 in 78ms (next.js: 17ms, application-code: 61ms)
 GET /dashboard 200 in 38ms (next.js: 6ms, application-code: 32ms)
 GET /ventas 200 in 70ms (next.js: 33ms, application-code: 37ms)
 GET /configuracion/metodos-pago 200 in 138ms (next.js: 67ms, application-code: 71ms)
 GET /configuracion/plan 200 in 110ms (next.js: 41ms, application-code: 69ms)
 GET /configuracion/empresa 200 in 108ms (next.js: 39ms, application-code: 69ms)
 GET /historial/ventas 200 in 150ms (next.js: 85ms, application-code: 65ms)
 GET /login 200 in 161ms (next.js: 14ms, application-code: 147ms)
 GET /login 200 in 82ms (next.js: 7ms, application-code: 75ms)
 GET /dashboard 200 in 134ms (next.js: 63ms, application-code: 71ms)
 GET /dashboard 200 in 62ms (next.js: 17ms, application-code: 46ms)
 GET /dashboard 200 in 92ms (next.js: 26ms, application-code: 66ms)
 GET /ventas 200 in 62ms (next.js: 12ms, application-code: 50ms)
 GET /catalogo/productos 200 in 190ms (next.js: 109ms, application-code: 81ms)
 GET /catalogo/productos/crear?id=cmsb4q28g0001v9wwul3i91jq 200 in 234ms (next.js: 168ms, application-code: 67ms)
 GET /catalogo/productos 200 in 64ms (next.js: 9ms, application-code: 55ms)
 GET /catalogo/productos/crear?id=cmsb4q28g0001v9wwul3i91jq 200 in 85ms (next.js: 9ms, application-code: 76ms)
 GET /catalogo/productos 200 in 106ms (next.js: 22ms, application-code: 83ms)
 GET /dashboard 200 in 108ms (next.js: 15ms, application-code: 94ms)
 GET /historial/ventas 200 in 75ms (next.js: 10ms, application-code: 65ms)
 GET /facturacion/comprobantes 200 in 200ms (next.js: 111ms, application-code: 89ms)
 GET /configuracion/plan 200 in 72ms (next.js: 23ms, application-code: 49ms)
 GET /catalogo/marcas 200 in 124ms (next.js: 66ms, application-code: 58ms)
 GET /historial/ventas 200 in 83ms (next.js: 14ms, application-code: 69ms)
✓ Compiled in 11.5s
 GET /historial/ventas 200 in 1342ms (next.js: 861ms, application-code: 481ms)
 GET /login 200 in 663ms (next.js: 273ms, application-code: 390ms)
 GET /historial/ventas 200 in 237ms (next.js: 14ms, application-code: 223ms)
 GET /historial/ventas 200 in 126ms (next.js: 26ms, application-code: 101ms)
 GET /login 200 in 599ms (next.js: 15ms, application-code: 585ms)
 GET /login 200 in 427ms (next.js: 12ms, application-code: 415ms)
 GET /ventas 200 in 1260ms (next.js: 851ms, application-code: 409ms)
 GET /historial/cotizaciones 200 in 537ms (next.js: 300ms, application-code: 236ms)
 GET /dashboard 200 in 344ms (next.js: 191ms, application-code: 153ms)
 GET /ventas 200 in 371ms (next.js: 37ms, application-code: 333ms)
 GET /catalogo/productos 200 in 895ms (next.js: 600ms, application-code: 295ms)
 GET /catalogo/productos/crear 200 in 723ms (next.js: 346ms, application-code: 377ms)
 GET /catalogo/productos/crear 200 in 381ms (next.js: 158ms, application-code: 223ms)
 GET /login 200 in 139ms (next.js: 33ms, application-code: 106ms)
 GET /catalogo/productos/crear 200 in 391ms (next.js: 128ms, application-code: 263ms)
 GET /login 200 in 220ms (next.js: 26ms, application-code: 194ms)
 GET /dashboard 200 in 352ms (next.js: 109ms, application-code: 244ms)
 GET /ventas 200 in 514ms (next.js: 204ms, application-code: 311ms)
 GET /dashboard 200 in 61ms (next.js: 8ms, application-code: 54ms)
 GET /ventas 200 in 64ms (next.js: 11ms, application-code: 53ms)
 GET /historial/ventas 200 in 81ms (next.js: 32ms, application-code: 49ms)
 GET /facturacion/comprobantes 200 in 399ms (next.js: 250ms, application-code: 149ms)
 GET /facturacion/series 200 in 324ms (next.js: 243ms, application-code: 81ms)
 GET /catalogo/categorias 200 in 550ms (next.js: 439ms, application-code: 111ms)
 GET /catalogo/productos 200 in 99ms (next.js: 35ms, application-code: 64ms)
 GET /facturacion/comprobantes 200 in 52ms (next.js: 12ms, application-code: 40ms)
 GET /historial/ventas 200 in 66ms (next.js: 6ms, application-code: 59ms)
 GET /historial/cotizaciones 200 in 169ms (next.js: 61ms, application-code: 108ms)
 GET /historial/ventas 200 in 73ms (next.js: 16ms, application-code: 58ms)
 GET /clientes 200 in 299ms (next.js: 221ms, application-code: 78ms)
 GET /ventas 200 in 66ms (next.js: 7ms, application-code: 59ms)
 GET /caja 200 in 259ms (next.js: 204ms, application-code: 55ms)
 GET /font/CircularXXSub-Light.woff2 404 in 373ms (next.js: 163ms, application-code: 210ms)
 GET /catalogo/productos 200 in 62ms (next.js: 7ms, application-code: 55ms)
 GET /catalogo/productos/crear 200 in 62ms (next.js: 10ms, application-code: 52ms)
 GET /ventas 200 in 93ms (next.js: 47ms, application-code: 46ms)
 GET /catalogo/productos 200 in 69ms (next.js: 11ms, application-code: 58ms)
 GET /catalogo/productos/crear 200 in 56ms (next.js: 5ms, application-code: 51ms)
 GET /dashboard 200 in 58ms (next.js: 12ms, application-code: 46ms)
 GET /historial/ventas 200 in 53ms (next.js: 6ms, application-code: 48ms)
 GET /historial/cotizaciones 200 in 86ms (next.js: 42ms, application-code: 43ms)
 GET /facturacion/comprobantes 200 in 73ms (next.js: 26ms, application-code: 48ms)
 GET /facturacion/nota-credito 200 in 308ms (next.js: 225ms, application-code: 83ms)
 GET /historial/cotizaciones 200 in 47ms (next.js: 5ms, application-code: 43ms)
 GET /facturacion/nota-credito 200 in 44ms (next.js: 5ms, application-code: 39ms)
 GET /facturacion/series 200 in 50ms (next.js: 12ms, application-code: 38ms)
 GET /facturacion/comprobantes 200 in 36ms (next.js: 6ms, application-code: 29ms)
 GET /historial/cotizaciones 200 in 43ms (next.js: 17ms, application-code: 26ms)
 GET /dashboard 200 in 67ms (next.js: 7ms, application-code: 60ms)
✓ Compiled in 1669ms
 GET /dashboard 200 in 657ms (next.js: 246ms, application-code: 411ms)
 GET /login 200 in 645ms (next.js: 369ms, application-code: 276ms)
 GET /dashboard 200 in 249ms (next.js: 13ms, application-code: 237ms)
 GET /login 200 in 248ms (next.js: 85ms, application-code: 163ms)
✓ Compiled in 1119ms
✓ Compiled in 3.4s
 GET /login 200 in 526ms (next.js: 223ms, application-code: 303ms)
 GET /dashboard 200 in 535ms (next.js: 422ms, application-code: 113ms)
 GET /login 200 in 368ms (next.js: 29ms, application-code: 340ms)
 GET /dashboard 200 in 473ms (next.js: 159ms, application-code: 314ms)
 GET /dashboard 200 in 702ms (next.js: 15ms, application-code: 687ms)
 GET /login 200 in 709ms (next.js: 120ms, application-code: 589ms)
 GET /dashboard 200 in 487ms (next.js: 11ms, application-code: 476ms)
 GET /dashboard 200 in 489ms (next.js: 87ms, application-code: 402ms)
 GET /dashboard 200 in 490ms (next.js: 148ms, application-code: 342ms)
 GET /dashboard 200 in 492ms (next.js: 188ms, application-code: 305ms)
 GET /login 200 in 268ms (next.js: 8ms, application-code: 260ms)
 GET /login 200 in 194ms (next.js: 12ms, application-code: 182ms)
 GET /login 200 in 194ms (next.js: 53ms, application-code: 140ms)
 GET /login 200 in 195ms (next.js: 100ms, application-code: 95ms)
✓ Compiled in 579ms
 GET /dashboard 200 in 454ms (next.js: 196ms, application-code: 258ms)
 GET /login 200 in 462ms (next.js: 129ms, application-code: 333ms)
 GET /login 200 in 199ms (next.js: 11ms, application-code: 188ms)
 GET /dashboard 200 in 199ms (next.js: 75ms, application-code: 124ms)
✓ Finished filesystem cache database compaction in 11.0s
 GET /historial/cotizaciones 200 in 4.5s (next.js: 2.4s, application-code: 2.1s)
 GET /font/CircularXXSub-Bold.woff 404 in 5.1s (next.js: 2.7s, application-code: 2.4s)
 GET /font/CircularXXSub-Regular.woff 404 in 4.9s (next.js: 2.8s, application-code: 2.1s)
 GET /font/CircularXXSub-Regular.woff 404 in 1145ms (next.js: 77ms, application-code: 1069ms)
 GET /font/CircularXXSub-Bold.woff 404 in 940ms (next.js: 214ms, application-code: 726ms)
✓ Compiled in 442ms
 GET /historial/cotizaciones 200 in 574ms (next.js: 186ms, application-code: 389ms)
 GET /login 200 in 576ms (next.js: 286ms, application-code: 290ms)
 GET /historial/cotizaciones 200 in 243ms (next.js: 7ms, application-code: 236ms)
 GET /login 200 in 172ms (next.js: 10ms, application-code: 162ms)
 GET /historial/cotizaciones 200 in 123ms (next.js: 7ms, application-code: 115ms)
 GET /login 200 in 80ms (next.js: 9ms, application-code: 71ms)
 GET /login 200 in 469ms (next.js: 220ms, application-code: 249ms)
 GET /login 200 in 165ms (next.js: 34ms, application-code: 130ms)
 GET /dashboard 200 in 133ms (next.js: 68ms, application-code: 65ms)
 GET /dashboard 200 in 65ms (next.js: 12ms, application-code: 53ms)
 GET /superadmin 200 in 686ms (next.js: 464ms, application-code: 223ms)
 GET /superadmin 200 in 129ms (next.js: 20ms, application-code: 109ms)
 GET /superadmin/empresas 200 in 310ms (next.js: 237ms, application-code: 72ms)
 GET /superadmin/empresas/consumos 200 in 225ms (next.js: 164ms, application-code: 62ms)
 GET /superadmin/suscripciones 200 in 245ms (next.js: 176ms, application-code: 69ms)
 GET /superadmin/administracion/usuarios 200 in 260ms (next.js: 176ms, application-code: 84ms)
 GET /superadmin/empresas 200 in 52ms (next.js: 5ms, application-code: 47ms)
 GET /superadmin/empresas/consumos 200 in 64ms (next.js: 6ms, application-code: 58ms)
 GET /superadmin/empresas 200 in 84ms (next.js: 6ms, application-code: 78ms)
 GET /superadmin/administracion/notificaciones 200 in 263ms (next.js: 183ms, application-code: 80ms)
 GET /login 200 in 129ms (next.js: 8ms, application-code: 121ms)
 GET /login 200 in 76ms (next.js: 8ms, application-code: 68ms)
 GET /register 200 in 400ms (next.js: 285ms, application-code: 115ms)
 GET /login 200 in 44ms (next.js: 5ms, application-code: 39ms)
 GET /dashboard 200 in 131ms (next.js: 26ms, application-code: 105ms)
 GET /dashboard 200 in 46ms (next.js: 7ms, application-code: 39ms)
 GET /historial/cotizaciones 200 in 63ms (next.js: 18ms, application-code: 45ms)
 GET /historial/cotizaciones/cmplt34tc0005v9uo58loq2aj 200 in 1397ms (next.js: 1338ms, application-code: 59ms)
 GET /historial/cotizaciones 200 in 39ms (next.js: 8ms, application-code: 31ms)
 GET /cotizaciones 200 in 268ms (next.js: 187ms, application-code: 81ms)
 GET /font/CircularXXSub-Black.woff 404 in 596ms (next.js: 86ms, application-code: 510ms)
✓ Compiled in 1394ms
 GET /cotizaciones 200 in 1380ms (next.js: 1219ms, application-code: 160ms)
✓ Compiled in 858ms
 GET /cotizaciones 200 in 2.6s (next.js: 408ms, application-code: 2.2s)
 GET /login 200 in 2.4s (next.js: 287ms, application-code: 2.1s)
 GET /cotizaciones 200 in 1235ms (next.js: 191ms, application-code: 1044ms)
 GET /login 200 in 900ms (next.js: 43ms, application-code: 857ms)
 GET /cotizaciones 200 in 736ms (next.js: 46ms, application-code: 690ms)
 GET /cotizaciones 200 in 737ms (next.js: 141ms, application-code: 596ms)
 GET /cotizaciones 200 in 738ms (next.js: 234ms, application-code: 505ms)
 GET /login 200 in 725ms (next.js: 312ms, application-code: 413ms)
 GET /login 200 in 724ms (next.js: 365ms, application-code: 358ms)
 GET /login 200 in 723ms (next.js: 451ms, application-code: 273ms)
 GET /login 200 in 722ms (next.js: 584ms, application-code: 138ms)
 GET /facturacion/comprobantes 200 in 123ms (next.js: 58ms, application-code: 65ms)
 GET /cotizaciones 200 in 82ms (next.js: 9ms, application-code: 73ms)
 GET /historial/ventas 200 in 165ms (next.js: 82ms, application-code: 83ms)
 GET /historial/cotizaciones 200 in 226ms (next.js: 143ms, application-code: 83ms)
 GET /historial/cotizaciones/cmsds64do0005v9xo2kkomqup 200 in 289ms (next.js: 194ms, application-code: 95ms)
 GET /historial/ventas 200 in 278ms (next.js: 74ms, application-code: 204ms)
 GET /facturacion/nota-credito 200 in 143ms (next.js: 85ms, application-code: 58ms)
 GET /facturacion/comprobantes 200 in 93ms (next.js: 46ms, application-code: 47ms)
✓ Compiled in 1411ms
 GET /facturacion/comprobantes 200 in 643ms (next.js: 175ms, application-code: 469ms)
 GET /login 200 in 645ms (next.js: 277ms, application-code: 368ms)
 GET /facturacion/comprobantes 200 in 300ms (next.js: 13ms, application-code: 287ms)
 GET /login 200 in 226ms (next.js: 34ms, application-code: 192ms)
 GET /facturacion/comprobantes 200 in 140ms (next.js: 10ms, application-code: 130ms)
 GET /login 200 in 94ms (next.js: 8ms, application-code: 87ms)
 GET /font/CircularXXSub-Bold.woff 404 in 591ms (next.js: 67ms, application-code: 524ms)
 GET /font/CircularXXSub-Regular.woff 404 in 585ms (next.js: 311ms, application-code: 274ms)
 GET /font/CircularXXSub-Regular.woff 404 in 158ms (next.js: 14ms, application-code: 144ms)
 GET /font/CircularXXSub-Bold.woff 404 in 78ms (next.js: 13ms, application-code: 65ms)
 GET /cotizaciones 200 in 91ms (next.js: 35ms, application-code: 56ms)
 GET /font/CircularXXSub-Black.woff 404 in 205ms (next.js: 23ms, application-code: 183ms)
 GET /historial/cotizaciones 200 in 187ms (next.js: 124ms, application-code: 63ms)
 GET /ventas 200 in 200ms (next.js: 143ms, application-code: 57ms)
 GET /facturacion/comprobantes 200 in 71ms (next.js: 37ms, application-code: 34ms)
 GET /historial/cotizaciones 200 in 41ms (next.js: 4ms, application-code: 37ms)
✓ Compiled in 1133ms
 GET /historial/cotizaciones 200 in 2.0s (next.js: 695ms, application-code: 1345ms)
 GET /login 200 in 2.0s (next.js: 304ms, application-code: 1746ms)
 GET /login 200 in 1041ms (next.js: 77ms, application-code: 964ms)
 GET /historial/cotizaciones 200 in 1030ms (next.js: 347ms, application-code: 683ms)
 GET /login 200 in 608ms (next.js: 103ms, application-code: 505ms)
 GET /login 200 in 616ms (next.js: 19ms, application-code: 597ms)
 GET /login 200 in 617ms (next.js: 187ms, application-code: 430ms)
 GET /historial/cotizaciones 200 in 615ms (next.js: 336ms, application-code: 280ms)
 GET /historial/cotizaciones 200 in 618ms (next.js: 402ms, application-code: 216ms)
 GET /historial/cotizaciones 200 in 314ms (next.js: 180ms, application-code: 134ms)
 GET /catalogo/productos 200 in 1155ms (next.js: 886ms, application-code: 268ms)
 GET /ventas 200 in 784ms (next.js: 503ms, application-code: 281ms)
 GET /catalogo/productos 200 in 1509ms (next.js: 511ms, application-code: 998ms)
 GET /catalogo/productos/crear 200 in 1295ms (next.js: 251ms, application-code: 1044ms)
 GET /facturacion/comprobantes 200 in 1124ms (next.js: 455ms, application-code: 669ms)
 GET /facturacion/nota-credito 200 in 610ms (next.js: 113ms, application-code: 498ms)
 GET /facturacion/series 200 in 295ms (next.js: 163ms, application-code: 132ms)
 GET /ventas 200 in 92ms (next.js: 20ms, application-code: 72ms)
 GET /login 200 in 130ms (next.js: 21ms, application-code: 110ms)
 GET /login 200 in 89ms (next.js: 25ms, application-code: 64ms)
 GET /dashboard 200 in 182ms (next.js: 87ms, application-code: 96ms)
 GET /dashboard 200 in 45ms (next.js: 6ms, application-code: 40ms)
 GET /configuracion/plan 200 in 650ms (next.js: 577ms, application-code: 73ms)
 GET /configuracion/metodos-pago 200 in 1675ms (next.js: 1361ms, application-code: 315ms)
 GET /historial/ventas 200 in 97ms (next.js: 48ms, application-code: 48ms)
 GET /clientes 200 in 365ms (next.js: 233ms, application-code: 133ms)
 GET /ventas 200 in 44ms (next.js: 7ms, application-code: 37ms)
 GET /historial/ventas 200 in 47ms (next.js: 6ms, application-code: 40ms)
 GET /facturacion/comprobantes 200 in 50ms (next.js: 6ms, application-code: 44ms)
 GET /ventas 200 in 48ms (next.js: 9ms, application-code: 39ms)
 GET /administracion/sucursales 200 in 370ms (next.js: 285ms, application-code: 85ms)
 GET /ventas 200 in 71ms (next.js: 10ms, application-code: 60ms)
 GET /dashboard 200 in 84ms (next.js: 19ms, application-code: 64ms)
 GET /ventas 200 in 63ms (next.js: 10ms, application-code: 53ms)
 GET /caja 200 in 117ms (next.js: 72ms, application-code: 44ms)
○ Compiling /caja/[publicId] ...
 GET /caja/cmsdt3j3f0007v9xote7ysofg 200 in 22.7s (next.js: 21.4s, application-code: 1307ms)
 GET /caja 200 in 289ms (next.js: 57ms, application-code: 232ms)
 GET /dashboard 200 in 476ms (next.js: 24ms, application-code: 452ms)
✓ Finished filesystem cache database compaction in 12.5s
 GET /notificaciones 200 in 496ms (next.js: 333ms, application-code: 163ms)
 GET /catalogo/productos 200 in 75ms (next.js: 12ms, application-code: 64ms)
 GET /notificaciones 200 in 63ms (next.js: 9ms, application-code: 54ms)
 GET /catalogo/productos 200 in 48ms (next.js: 5ms, application-code: 43ms)
 GET /notificaciones 200 in 72ms (next.js: 9ms, application-code: 63ms)
 GET /notificaciones 200 in 1558ms (next.js: 82ms, application-code: 1476ms)
 GET /login 200 in 1459ms (next.js: 900ms, application-code: 560ms)
 GET /font/CircularXXSub-Regular.woff 404 in 331ms (next.js: 99ms, application-code: 232ms)
 GET /font/CircularXXSub-Bold.woff 404 in 568ms (next.js: 58ms, application-code: 510ms)
 GET /dashboard 200 in 437ms (next.js: 222ms, application-code: 215ms)
 GET /dashboard 200 in 527ms (next.js: 250ms, application-code: 277ms)
 GET /login 200 in 183ms (next.js: 53ms, application-code: 130ms)
 GET /dashboard 200 in 539ms (next.js: 322ms, application-code: 217ms)
 GET /login 200 in 115ms (next.js: 35ms, application-code: 79ms)
 GET /ventas 200 in 324ms (next.js: 215ms, application-code: 109ms)
 GET /font/CircularXXSub-Black.woff 404 in 1039ms (next.js: 173ms, application-code: 866ms)
✓ Compiled in 1220ms
 GET /ventas 200 in 389ms (next.js: 202ms, application-code: 188ms)
 GET /login 200 in 394ms (next.js: 292ms, application-code: 101ms)
✓ Compiled in 1157ms
 GET /login 200 in 4.6s (next.js: 1511ms, application-code: 3.1s)
 GET /login 200 in 543ms (next.js: 104ms, application-code: 439ms)
 GET /ventas 200 in 4.7s (next.js: 2.8s, application-code: 1912ms)
 GET /login 200 in 275ms (next.js: 23ms, application-code: 252ms)
 GET /font/CircularXXSub-Regular.woff 404 in 415ms (next.js: 70ms, application-code: 346ms)
 GET /font/CircularXXSub-Bold.woff 404 in 406ms (next.js: 207ms, application-code: 199ms)
 GET /login 200 in 1959ms (next.js: 1692ms, application-code: 267ms)
 GET /login 200 in 138ms (next.js: 6ms, application-code: 131ms)
✓ Finished filesystem cache database compaction in 12.5s
 GET /login 200 in 714ms (next.js: 411ms, application-code: 302ms)
 GET /login 200 in 200ms (next.js: 9ms, application-code: 191ms)
✓ Finished filesystem cache database compaction in 11.2s
 GET /login 200 in 342ms (next.js: 140ms, application-code: 202ms)
 GET /login 200 in 138ms (next.js: 58ms, application-code: 80ms)
 GET /login 200 in 622ms (next.js: 191ms, application-code: 432ms)
 GET /login 200 in 631ms (next.js: 297ms, application-code: 334ms)
 GET /login 200 in 264ms (next.js: 12ms, application-code: 252ms)
 GET /login 200 in 212ms (next.js: 43ms, application-code: 169ms)
✓ Compiled in 2.1s
 GET /login 200 in 1902ms (next.js: 920ms, application-code: 982ms)
 GET /login 200 in 1837ms (next.js: 1107ms, application-code: 730ms)
 GET /login 200 in 643ms (next.js: 24ms, application-code: 619ms)
 GET /login 200 in 642ms (next.js: 85ms, application-code: 556ms)
 GET /login 200 in 392ms (next.js: 46ms, application-code: 346ms)
 GET /login 200 in 384ms (next.js: 161ms, application-code: 224ms)
 GET /dashboard 200 in 255ms (next.js: 117ms, application-code: 138ms)
✓ Compiled in 731ms
 GET /dashboard 200 in 1126ms (next.js: 317ms, application-code: 808ms)
 GET /login 200 in 1121ms (next.js: 513ms, application-code: 608ms)
 GET /dashboard 200 in 407ms (next.js: 67ms, application-code: 340ms)
 GET /login 200 in 396ms (next.js: 199ms, application-code: 197ms)
 GET /ventas 200 in 849ms (next.js: 621ms, application-code: 229ms)
 GET /font/CircularXXSub-Black.woff 404 in 955ms (next.js: 118ms, application-code: 837ms)
 GET /dashboard 200 in 234ms (next.js: 31ms, application-code: 202ms)
 GET /ventas 200 in 62ms (next.js: 8ms, application-code: 53ms)
 GET /ventas 200 in 446ms (next.js: 6ms, application-code: 440ms)
 GET /login 200 in 162ms (next.js: 43ms, application-code: 119ms)
 GET /font/CircularXXSub-Bold.woff 404 in 337ms (next.js: 24ms, application-code: 313ms)
 GET /font/CircularXXSub-Regular.woff 404 in 322ms (next.js: 168ms, application-code: 154ms)
 GET /login 200 in 351ms (next.js: 27ms, application-code: 324ms)
 GET /font/CircularXXSub-Regular.woff 404 in 333ms (next.js: 27ms, application-code: 306ms)
 GET /font/CircularXXSub-Bold.woff 404 in 315ms (next.js: 183ms, application-code: 132ms)
 GET /dashboard 200 in 135ms (next.js: 41ms, application-code: 94ms)
 GET /ventas 200 in 45ms (next.js: 6ms, application-code: 40ms)
 GET /font/CircularXXSub-Black.woff 404 in 143ms (next.js: 28ms, application-code: 115ms)
 GET /catalogo/productos 200 in 85ms (next.js: 31ms, application-code: 53ms)
 GET /ventas 200 in 87ms (next.js: 8ms, application-code: 79ms)
✓ Compiled in 2.8s
 GET /login 200 in 5.8s (next.js: 1763ms, application-code: 4.0s)
 GET /login 200 in 1011ms (next.js: 67ms, application-code: 944ms)
 GET /ventas 200 in 6.0s (next.js: 3.0s, application-code: 3.0s)
 GET /login 200 in 672ms (next.js: 130ms, application-code: 542ms)
 GET /login 200 in 664ms (next.js: 30ms, application-code: 634ms)
 GET /login 200 in 660ms (next.js: 203ms, application-code: 457ms)
 GET /login 200 in 657ms (next.js: 297ms, application-code: 361ms)
 GET /login 200 in 952ms (next.js: 23ms, application-code: 929ms)
 GET /login 200 in 937ms (next.js: 34ms, application-code: 904ms)
 GET /login 200 in 803ms (next.js: 24ms, application-code: 778ms)
 GET /login 200 in 805ms (next.js: 132ms, application-code: 673ms)
 GET /login 200 in 806ms (next.js: 283ms, application-code: 523ms)
 GET /login 200 in 806ms (next.js: 430ms, application-code: 376ms)
 GET /login 200 in 756ms (next.js: 27ms, application-code: 730ms)
 GET /login 200 in 617ms (next.js: 27ms, application-code: 590ms)
 GET /login 200 in 475ms (next.js: 183ms, application-code: 291ms)
 GET /login 200 in 476ms (next.js: 261ms, application-code: 215ms)
 GET /login 200 in 488ms (next.js: 103ms, application-code: 385ms)
 GET /login 200 in 500ms (next.js: 27ms, application-code: 474ms)
 GET /login 200 in 229ms (next.js: 10ms, application-code: 219ms)
 GET /login 200 in 430ms (next.js: 9ms, application-code: 421ms)
 GET /login 200 in 322ms (next.js: 16ms, application-code: 306ms)
 GET /login 200 in 324ms (next.js: 80ms, application-code: 244ms)
 GET /login 200 in 327ms (next.js: 140ms, application-code: 187ms)
 GET /login 200 in 329ms (next.js: 204ms, application-code: 125ms)
 GET /login 200 in 85ms (next.js: 14ms, application-code: 72ms)
 GET /font/CircularXXSub-Regular.woff 404 in 417ms (next.js: 53ms, application-code: 363ms)
 GET /font/CircularXXSub-Bold.woff 404 in 291ms (next.js: 20ms, application-code: 271ms)
✓ Compiled in 1620ms
 GET /login 200 in 2.5s (next.js: 1863ms, application-code: 618ms)
 GET /login 200 in 2.5s (next.js: 1393ms, application-code: 1113ms)
 GET /login 200 in 396ms (next.js: 23ms, application-code: 373ms)
 GET /login 200 in 404ms (next.js: 147ms, application-code: 258ms)
✓ Finished filesystem cache database compaction in 14.9s
 GET /font/CircularXXSub-Regular.woff 404 in 536ms (next.js: 45ms, application-code: 491ms)
 GET /font/CircularXXSub-Bold.woff 404 in 266ms (next.js: 47ms, application-code: 220ms)
✓ Compiled in 310ms
 GET /login 200 in 262ms (next.js: 111ms, application-code: 151ms)
 GET /login 200 in 263ms (next.js: 196ms, application-code: 67ms)
 GET /login 200 in 191ms (next.js: 22ms, application-code: 169ms)
 GET /login 200 in 191ms (next.js: 134ms, application-code: 57ms)
✓ Compiled in 334ms
 GET /login 200 in 636ms (next.js: 346ms, application-code: 289ms)
 GET /login 200 in 642ms (next.js: 190ms, application-code: 452ms)
 GET /login 200 in 209ms (next.js: 11ms, application-code: 197ms)
 GET /login 200 in 136ms (next.js: 13ms, application-code: 124ms)
 GET /login 200 in 1184ms (next.js: 92ms, application-code: 1092ms)
 GET /font/CircularXXSub-Regular.woff 404 in 952ms (next.js: 92ms, application-code: 860ms)
 GET /font/CircularXXSub-Bold.woff 404 in 953ms (next.js: 385ms, application-code: 567ms)
 GET /dashboard 200 in 169ms (next.js: 79ms, application-code: 90ms)
 GET /dashboard 200 in 97ms (next.js: 10ms, application-code: 87ms)
 GET /catalogo/productos 200 in 275ms (next.js: 189ms, application-code: 86ms)
 GET /ventas 200 in 189ms (next.js: 121ms, application-code: 68ms)
 GET /font/CircularXXSub-Black.woff 404 in 200ms (next.js: 25ms, application-code: 175ms)
 GET /catalogo/productos 200 in 36ms (next.js: 5ms, application-code: 32ms)
 GET /ventas 200 in 38ms (next.js: 5ms, application-code: 33ms)
 GET /catalogo/productos 200 in 39ms (next.js: 6ms, application-code: 33ms)
 GET /catalogo/productos/crear 200 in 244ms (next.js: 156ms, application-code: 89ms)
 GET /catalogo/productos 200 in 91ms (next.js: 11ms, application-code: 80ms)
 GET /ventas 200 in 49ms (next.js: 5ms, application-code: 44ms)
○ Compiling /_error ...
 GET /ventas 500 in 7.8s (next.js: 7.1s, application-code: 677ms)
 GET /login 500 in 7.8s (next.js: 7.7s, application-code: 74ms)
 GET /ventas 500 in 162ms (next.js: 64ms, application-code: 98ms)
 GET /login 500 in 155ms (next.js: 114ms, application-code: 41ms)
 GET /ventas 500 in 179ms (next.js: 125ms, application-code: 54ms)
 GET /login 500 in 123ms (next.js: 72ms, application-code: 51ms)
 GET /ventas 500 in 114ms (next.js: 51ms, application-code: 63ms)
 GET /login 500 in 192ms (next.js: 101ms, application-code: 91ms)
 GET /ventas 500 in 196ms (next.js: 111ms, application-code: 85ms)
 GET /login 500 in 319ms (next.js: 160ms, application-code: 159ms)
 GET /login 500 in 318ms (next.js: 229ms, application-code: 89ms)
 GET /login 500 in 150ms
 GET /ventas 500 in 423ms (next.js: 222ms, application-code: 201ms)
 GET /ventas 500 in 212ms (next.js: 98ms, application-code: 114ms)
 GET /ventas 500 in 189ms (next.js: 57ms, application-code: 132ms)
 GET /ventas 500 in 134ms (next.js: 34ms, application-code: 100ms)
 GET /ventas 500 in 163ms (next.js: 39ms, application-code: 124ms)
 GET /ventas 500 in 157ms (next.js: 50ms, application-code: 106ms)
 GET /ventas 500 in 305ms (next.js: 52ms, application-code: 253ms)
 GET /ventas 500 in 281ms (next.js: 89ms, application-code: 192ms)
 GET /ventas 500 in 203ms (next.js: 96ms, application-code: 106ms)
 GET /ventas 500 in 65ms (next.js: 20ms, application-code: 45ms)
 GET /ventas 500 in 55ms (next.js: 20ms, application-code: 35ms)
 GET /ventas 500 in 76ms (next.js: 24ms, application-code: 52ms)
 GET /ventas 500 in 87ms (next.js: 26ms, application-code: 61ms)
 GET /font/CircularXXSub-Bold.woff 500 in 214ms (next.js: 61ms, application-code: 153ms)
 GET /font/CircularXXSub-Regular.woff 500 in 211ms (next.js: 105ms, application-code: 105ms)
 GET /ventas 500 in 192ms (next.js: 142ms, application-code: 50ms)
 GET /ventas 500 in 63ms (next.js: 25ms, application-code: 38ms)
 GET /ventas 500 in 92ms (next.js: 19ms, application-code: 73ms)
 GET /ventas 500 in 108ms (next.js: 30ms, application-code: 78ms)
 GET /ventas 500 in 76ms (next.js: 34ms, application-code: 43ms)
 GET /font/CircularXXSub-Black.woff 500 in 95ms (next.js: 54ms, application-code: 41ms)
 GET /ventas 500 in 171ms (next.js: 91ms, application-code: 80ms)
 GET /ventas 500 in 121ms (next.js: 38ms, application-code: 83ms)
✓ Compiled in 2.1s
 GET /login 500 in 434ms (next.js: 209ms, application-code: 225ms)
 GET /ventas 500 in 577ms (next.js: 513ms, application-code: 64ms)
✓ Finished filesystem cache database compaction in 15.2s
 GET /login 500 in 402ms (next.js: 229ms, application-code: 174ms)
 GET /ventas 500 in 362ms (next.js: 294ms, application-code: 68ms)
 GET /login 500 in 68ms (next.js: 24ms, application-code: 44ms)
 GET /ventas 500 in 128ms (next.js: 72ms, application-code: 56ms)
✓ Compiled in 500ms
 GET /login 200 in 2.0s (next.js: 450ms, application-code: 1570ms)
 GET /ventas 200 in 852ms (next.js: 95ms, application-code: 757ms)
 GET /font/CircularXXSub-Regular.woff 404 in 396ms (next.js: 43ms, application-code: 353ms)
 GET /font/CircularXXSub-Bold.woff 404 in 192ms (next.js: 20ms, application-code: 172ms)
 GET /font/CircularXXSub-Bold.woff 404 in 169ms (next.js: 29ms, application-code: 141ms)
 GET /font/CircularXXSub-Regular.woff 404 in 169ms (next.js: 83ms, application-code: 86ms)
 GET /font/CircularXXSub-Black.woff 404 in 76ms (next.js: 12ms, application-code: 64ms)
 GET /ventas 200 in 363ms (next.js: 72ms, application-code: 291ms)
 GET /login 200 in 367ms (next.js: 130ms, application-code: 237ms)
 GET /ventas 200 in 201ms (next.js: 8ms, application-code: 193ms)
 GET /login 200 in 176ms (next.js: 7ms, application-code: 169ms)
 GET /ventas 200 in 143ms (next.js: 12ms, application-code: 131ms)
 GET /login 200 in 142ms (next.js: 60ms, application-code: 82ms)
 GET /login 200 in 385ms (next.js: 84ms, application-code: 301ms)
 GET /ventas 200 in 387ms (next.js: 149ms, application-code: 238ms)
 GET /login 200 in 207ms (next.js: 8ms, application-code: 199ms)
 GET /ventas 200 in 174ms (next.js: 11ms, application-code: 162ms)
 GET /login 200 in 104ms (next.js: 23ms, application-code: 81ms)
 GET /ventas 200 in 89ms (next.js: 41ms, application-code: 48ms)
✓ Compiled in 438ms
 GET /ventas 200 in 1261ms (next.js: 799ms, application-code: 462ms)
 GET /login 200 in 1270ms (next.js: 483ms, application-code: 787ms)
 GET /login 200 in 301ms (next.js: 18ms, application-code: 284ms)
 GET /ventas 200 in 301ms (next.js: 187ms, application-code: 114ms)
✓ Compiled in 469ms
 GET /ventas 200 in 722ms (next.js: 190ms, application-code: 533ms)
 GET /login 200 in 723ms (next.js: 324ms, application-code: 400ms)
 GET /ventas 200 in 331ms (next.js: 129ms, application-code: 202ms)
 GET /login 200 in 333ms (next.js: 22ms, application-code: 311ms)
 GET /login 200 in 135ms (next.js: 11ms, application-code: 123ms)
 GET /ventas 200 in 136ms (next.js: 64ms, application-code: 72ms)
✓ Compiled in 322ms
 GET /ventas 200 in 517ms (next.js: 147ms, application-code: 370ms)
 GET /login 200 in 520ms (next.js: 229ms, application-code: 291ms)
 GET /ventas 200 in 226ms (next.js: 11ms, application-code: 214ms)
 GET /login 200 in 149ms (next.js: 14ms, application-code: 136ms)
✓ Compiled in 978ms
 GET /ventas 200 in 1046ms (next.js: 104ms, application-code: 943ms)
 GET /login 200 in 1099ms (next.js: 205ms, application-code: 894ms)
 GET /ventas 200 in 862ms (next.js: 9ms, application-code: 853ms)
 GET /login 200 in 866ms (next.js: 26ms, application-code: 839ms)
 GET /ventas 200 in 823ms (next.js: 145ms, application-code: 678ms)
 GET /ventas 200 in 856ms (next.js: 186ms, application-code: 670ms)
 GET /ventas 200 in 887ms (next.js: 35ms, application-code: 852ms)
 GET /ventas 200 in 902ms (next.js: 219ms, application-code: 683ms)
 GET /login 200 in 724ms (next.js: 54ms, application-code: 670ms)
 GET /login 200 in 752ms (next.js: 91ms, application-code: 660ms)
 GET /login 200 in 800ms (next.js: 222ms, application-code: 578ms)
 GET /login 200 in 833ms (next.js: 142ms, application-code: 691ms)
✓ Compiled in 918ms
✓ Finished filesystem cache database compaction in 11.0s
 GET /login 200 in 2.3s (next.js: 671ms, application-code: 1620ms)
 GET /ventas 200 in 2.3s (next.js: 1221ms, application-code: 1082ms)
 GET /login 200 in 894ms (next.js: 24ms, application-code: 870ms)
 GET /ventas 200 in 909ms (next.js: 122ms, application-code: 787ms)
 GET /ventas 200 in 539ms (next.js: 109ms, application-code: 431ms)
 GET /login 200 in 575ms (next.js: 280ms, application-code: 295ms)
 GET /dashboard 200 in 1059ms (next.js: 608ms, application-code: 452ms)
 GET /historial/ventas 200 in 163ms (next.js: 102ms, application-code: 60ms)
 GET /ventas 200 in 79ms (next.js: 18ms, application-code: 61ms)
✓ Compiled in 1935ms
 GET /login 200 in 1087ms (next.js: 319ms, application-code: 768ms)
 GET /ventas 200 in 1088ms (next.js: 218ms, application-code: 870ms)
 GET /ventas 200 in 259ms (next.js: 21ms, application-code: 239ms)
 GET /login 200 in 262ms (next.js: 61ms, application-code: 200ms)
 GET /font/CircularXXSub-Bold.woff 404 in 1095ms (next.js: 441ms, application-code: 654ms)
 GET /font/CircularXXSub-Regular.woff 404 in 1089ms (next.js: 490ms, application-code: 599ms)
 GET /font/CircularXXSub-Black.woff 404 in 1088ms (next.js: 732ms, application-code: 356ms)
 GET /login 200 in 130ms (next.js: 57ms, application-code: 73ms)
 GET /ventas 200 in 135ms (next.js: 9ms, application-code: 126ms)
 GET /font/CircularXXSub-Regular.woff 404 in 304ms (next.js: 30ms, application-code: 274ms)
 GET /font/CircularXXSub-Bold.woff 404 in 212ms (next.js: 56ms, application-code: 156ms)
✓ Compiled in 1552ms
 GET /login 200 in 988ms (next.js: 467ms, application-code: 521ms)
 GET /ventas 200 in 994ms (next.js: 342ms, application-code: 652ms)
 GET /font/CircularXXSub-Bold.woff 404 in 1697ms (next.js: 558ms, application-code: 1140ms)
 GET /font/CircularXXSub-Regular.woff 404 in 1694ms (next.js: 630ms, application-code: 1065ms)
 GET /ventas 200 in 262ms (next.js: 34ms, application-code: 228ms)
 GET /login 200 in 260ms (next.js: 110ms, application-code: 151ms)
 GET /font/CircularXXSub-Black.woff 404 in 1359ms (next.js: 495ms, application-code: 864ms)
 GET /font/CircularXXSub-Regular.woff 404 in 388ms (next.js: 48ms, application-code: 340ms)
 GET /font/CircularXXSub-Bold.woff 404 in 230ms (next.js: 43ms, application-code: 187ms)
 GET /stock/movimientos 200 in 326ms (next.js: 223ms, application-code: 104ms)
 GET /reportes/ventas 200 in 225ms (next.js: 142ms, application-code: 83ms)
 GET /stock/movimientos 200 in 160ms (next.js: 20ms, application-code: 139ms)
 GET /stock/movimientos/nuevo 200 in 261ms (next.js: 173ms, application-code: 87ms)
 GET /ventas 200 in 317ms (next.js: 178ms, application-code: 139ms)
 GET /administracion/sucursales 200 in 98ms (next.js: 43ms, application-code: 56ms)
 GET /ventas 200 in 46ms (next.js: 5ms, application-code: 41ms)
 GET /configuracion/plan 200 in 98ms (next.js: 37ms, application-code: 61ms)
 GET /login 200 in 125ms (next.js: 9ms, application-code: 116ms)
 GET /login 200 in 82ms (next.js: 13ms, application-code: 70ms)
 GET /dashboard 200 in 136ms (next.js: 43ms, application-code: 92ms)
 GET /dashboard 200 in 47ms (next.js: 7ms, application-code: 41ms)
 GET /superadmin 200 in 309ms (next.js: 117ms, application-code: 191ms)
 GET /superadmin 200 in 136ms (next.js: 15ms, application-code: 121ms)
 GET /superadmin/empresas 200 in 105ms (next.js: 47ms, application-code: 58ms)
 GET /superadmin/empresas/consumos 200 in 69ms (next.js: 35ms, application-code: 35ms)
 GET /superadmin/empresas/consumos/1 200 in 242ms (next.js: 165ms, application-code: 78ms)
 GET /superadmin/empresas 200 in 41ms (next.js: 5ms, application-code: 36ms)
 GET /superadmin/suscripciones 200 in 105ms (next.js: 57ms, application-code: 48ms)
 GET /superadmin/suscripciones/1 200 in 245ms (next.js: 160ms, application-code: 85ms)
 GET /superadmin/planes 200 in 233ms (next.js: 157ms, application-code: 76ms)
 GET /superadmin/afiliados 200 in 183ms (next.js: 120ms, application-code: 63ms)
 GET /superadmin/afiliados/1 200 in 274ms (next.js: 168ms, application-code: 106ms)
 GET /superadmin/planes 200 in 66ms (next.js: 31ms, application-code: 35ms)
 GET /superadmin/suscripciones 200 in 71ms (next.js: 5ms, application-code: 65ms)
 GET /superadmin/empresas 200 in 40ms (next.js: 6ms, application-code: 34ms)
 GET /superadmin/empresas/consumos 200 in 41ms (next.js: 5ms, application-code: 36ms)
 GET /superadmin/facturacion/comprobantes 200 in 226ms (next.js: 156ms, application-code: 70ms)
 GET /superadmin/facturacion/emisor 200 in 226ms (next.js: 140ms, application-code: 86ms)
 GET /superadmin/empresas/consumos 200 in 46ms (next.js: 5ms, application-code: 42ms)
 GET /superadmin/empresas/consumos/1 200 in 68ms (next.js: 15ms, application-code: 52ms)
 GET /login 200 in 128ms (next.js: 10ms, application-code: 119ms)
 GET /login 200 in 52ms (next.js: 6ms, application-code: 46ms)
 GET /dashboard 200 in 152ms (next.js: 15ms, application-code: 136ms)
 GET /dashboard 200 in 70ms (next.js: 6ms, application-code: 64ms)
 GET /ventas 200 in 65ms (next.js: 7ms, application-code: 58ms)
 GET /administracion/sucursales 200 in 45ms (next.js: 5ms, application-code: 40ms)
 GET /ventas 200 in 31ms (next.js: 4ms, application-code: 26ms)
 GET /dashboard 200 in 40ms (next.js: 6ms, application-code: 34ms)
 GET /historial/cotizaciones 200 in 93ms (next.js: 52ms, application-code: 41ms)
 GET /dashboard 200 in 100ms (next.js: 16ms, application-code: 84ms)
 GET /ventas 200 in 67ms (next.js: 8ms, application-code: 60ms)
✓ Compiled in 10.9s
 GET /ventas 200 in 5.2s (next.js: 1653ms, application-code: 3.6s)
 GET /login 200 in 5.3s (next.js: 2.1s, application-code: 3.2s)
 GET /login 200 in 5.0s (next.js: 1740ms, application-code: 3.2s)
 GET /ventas 200 in 5.0s (next.js: 777ms, application-code: 4.3s)
 GET /login 200 in 1302ms (next.js: 24ms, application-code: 1278ms)
 GET /ventas 200 in 1320ms (next.js: 161ms, application-code: 1159ms)
 GET /login 200 in 1012ms (next.js: 40ms, application-code: 972ms)
 GET /login 200 in 1008ms (next.js: 113ms, application-code: 895ms)
 GET /login 200 in 1010ms (next.js: 223ms, application-code: 787ms)
 GET /ventas 200 in 1009ms (next.js: 378ms, application-code: 631ms)
 GET /ventas 200 in 1009ms (next.js: 567ms, application-code: 442ms)
 GET /ventas 200 in 1011ms (next.js: 674ms, application-code: 337ms)
✓ Finished filesystem cache database compaction in 15.5s
 GET /font/CircularXXSub-Regular.woff 404 in 5.0s (next.js: 610ms, application-code: 4.4s)
 GET /font/CircularXXSub-Bold.woff 404 in 5.3s (next.js: 4.4s, application-code: 902ms)
 GET /font/CircularXXSub-Black.woff 404 in 5.0s (next.js: 2.7s, application-code: 2.3s)
 GET /font/CircularXXSub-Bold.woff 404 in 403ms (next.js: 199ms, application-code: 204ms)
 GET /font/CircularXXSub-Regular.woff 404 in 432ms (next.js: 34ms, application-code: 398ms)
✓ Compiled in 900ms
 GET /ventas 200 in 949ms (next.js: 354ms, application-code: 595ms)
 GET /login 200 in 933ms (next.js: 566ms, application-code: 368ms)
 GET /ventas 200 in 268ms (next.js: 10ms, application-code: 258ms)
 GET /login 200 in 176ms (next.js: 8ms, application-code: 169ms)
✓ Compiled in 2.3s
 GET /ventas 200 in 2.3s (next.js: 436ms, application-code: 1848ms)
 GET /login 200 in 2.3s (next.js: 927ms, application-code: 1352ms)
 GET /ventas 200 in 1284ms (next.js: 126ms, application-code: 1158ms)
 GET /login 200 in 1239ms (next.js: 497ms, application-code: 742ms)
 GET /ventas 200 in 1402ms (next.js: 12ms, application-code: 1390ms)
 GET /ventas 200 in 1403ms (next.js: 64ms, application-code: 1339ms)
 GET /login 200 in 1860ms (next.js: 20ms, application-code: 1839ms)
 GET /login 200 in 1867ms (next.js: 187ms, application-code: 1679ms)
 GET /font/CircularXXSub-Regular.woff 404 in 1413ms (next.js: 395ms, application-code: 1018ms)
 GET /font/CircularXXSub-Bold.woff 404 in 1456ms (next.js: 224ms, application-code: 1232ms)
 GET /font/CircularXXSub-Black.woff 404 in 1408ms (next.js: 526ms, application-code: 882ms)
✓ Compiled in 427ms
 GET /ventas 200 in 777ms (next.js: 352ms, application-code: 425ms)
 GET /login 200 in 784ms (next.js: 136ms, application-code: 648ms)
 GET /login 200 in 336ms (next.js: 9ms, application-code: 326ms)
 GET /ventas 200 in 269ms (next.js: 19ms, application-code: 251ms)
 GET /login 200 in 156ms (next.js: 14ms, application-code: 141ms)
 GET /ventas 200 in 88ms (next.js: 8ms, application-code: 80ms)
 GET /font/CircularXXSub-Regular.woff 404 in 1227ms (next.js: 52ms, application-code: 1175ms)
 GET /font/CircularXXSub-Bold.woff 404 in 337ms (next.js: 65ms, application-code: 272ms)
 GET /catalogo/productos 200 in 2.9s (next.js: 2.8s, application-code: 97ms)
 GET /ventas 200 in 73ms (next.js: 9ms, application-code: 64ms)
 GET /ventas 200 in 407ms (next.js: 15ms, application-code: 392ms)
 GET /login 200 in 217ms (next.js: 24ms, application-code: 193ms)
 GET /font/CircularXXSub-Regular.woff 404 in 356ms (next.js: 16ms, application-code: 339ms)
 GET /font/CircularXXSub-Bold.woff 404 in 257ms (next.js: 102ms, application-code: 155ms)
 GET /login 200 in 2.2s (next.js: 1441ms, application-code: 772ms)
 GET /dashboard 200 in 154ms (next.js: 73ms, application-code: 81ms)
 GET /font/CircularXXSub-Regular.woff 404 in 376ms (next.js: 175ms, application-code: 201ms)
 GET /font/CircularXXSub-Bold.woff 404 in 400ms (next.js: 52ms, application-code: 349ms)
 GET /historial/ventas 200 in 322ms (next.js: 236ms, application-code: 86ms)
 GET /facturacion/comprobantes 200 in 161ms (next.js: 71ms, application-code: 90ms)
 GET /historial/ventas 200 in 93ms (next.js: 7ms, application-code: 86ms)
 GET /ventas 200 in 42ms (next.js: 4ms, application-code: 38ms)
 GET /font/CircularXXSub-Black.woff 404 in 234ms (next.js: 76ms, application-code: 158ms)
✓ Compiled in 1100ms
 GET /ventas 200 in 682ms (next.js: 283ms, application-code: 398ms)
 GET /login 200 in 687ms (next.js: 389ms, application-code: 298ms)
 GET /ventas 200 in 249ms (next.js: 9ms, application-code: 239ms)
 GET /login 200 in 250ms (next.js: 50ms, application-code: 200ms)
 GET /ventas 200 in 154ms (next.js: 12ms, application-code: 143ms)
 GET /login 200 in 154ms (next.js: 44ms, application-code: 110ms)
 GET /ventas 200 in 155ms (next.js: 70ms, application-code: 84ms)
 GET /login 200 in 157ms (next.js: 93ms, application-code: 64ms)
 GET /font/CircularXXSub-Regular.woff 404 in 1876ms (next.js: 288ms, application-code: 1589ms)
 GET /font/CircularXXSub-Bold.woff 404 in 1054ms (next.js: 709ms, application-code: 346ms)
 GET /font/CircularXXSub-Bold.woff 404 in 1379ms (next.js: 51ms, application-code: 1328ms)
 GET /font/CircularXXSub-Black.woff 404 in 1103ms (next.js: 170ms, application-code: 933ms)
 GET /font/CircularXXSub-Regular.woff 404 in 957ms (next.js: 326ms, application-code: 631ms)
✓ Compiled in 1175ms
 GET /login 200 in 3.6s (next.js: 1233ms, application-code: 2.4s)
 GET /ventas 200 in 3.6s (next.js: 1464ms, application-code: 2.2s)
 GET /login 200 in 2.1s (next.js: 19ms, application-code: 2.1s)
 GET /ventas 200 in 2.1s (next.js: 181ms, application-code: 1962ms)
 GET /login 200 in 1815ms (next.js: 298ms, application-code: 1517ms)
 GET /login 200 in 1830ms (next.js: 52ms, application-code: 1778ms)
 GET /login 200 in 1818ms (next.js: 404ms, application-code: 1414ms)
 GET /login 200 in 1835ms (next.js: 161ms, application-code: 1674ms)
 GET /ventas 200 in 1815ms (next.js: 496ms, application-code: 1319ms)
 GET /ventas 200 in 1816ms (next.js: 757ms, application-code: 1059ms)
 GET /ventas 200 in 1817ms (next.js: 809ms, application-code: 1008ms)
 GET /ventas 200 in 1344ms (next.js: 592ms, application-code: 752ms)
✓ Finished filesystem cache database compaction in 10.1s
✓ Compiled in 1956ms
 GET /ventas 200 in 715ms (next.js: 184ms, application-code: 530ms)
 GET /login 200 in 724ms (next.js: 294ms, application-code: 430ms)
 GET /ventas 200 in 375ms (next.js: 10ms, application-code: 365ms)
 GET /login 200 in 317ms (next.js: 14ms, application-code: 303ms)
 GET /ventas 200 in 197ms (next.js: 11ms, application-code: 186ms)
 GET /ventas 200 in 199ms (next.js: 54ms, application-code: 145ms)
 GET /login 200 in 200ms (next.js: 93ms, application-code: 107ms)
 GET /login 200 in 201ms (next.js: 126ms, application-code: 75ms)
✓ Compiled in 5.8s
 GET /ventas 200 in 1328ms (next.js: 418ms, application-code: 909ms)
 GET /login 200 in 1341ms (next.js: 245ms, application-code: 1097ms)
 GET /login 200 in 846ms (next.js: 30ms, application-code: 816ms)
 GET /ventas 200 in 846ms (next.js: 108ms, application-code: 738ms)
 GET /login 200 in 539ms (next.js: 73ms, application-code: 465ms)
 GET /login 200 in 539ms (next.js: 153ms, application-code: 386ms)
 GET /login 200 in 541ms (next.js: 199ms, application-code: 342ms)
 GET /login 200 in 549ms (next.js: 114ms, application-code: 435ms)
 GET /ventas 200 in 550ms (next.js: 176ms, application-code: 374ms)
 GET /font/CircularXXSub-Bold.woff 404 in 1042ms (next.js: 233ms, application-code: 809ms)
 GET /font/CircularXXSub-Regular.woff 404 in 868ms (next.js: 221ms, application-code: 647ms)
 GET /font/CircularXXSub-Black.woff 404 in 654ms (next.js: 54ms, application-code: 600ms)
 GET /ventas 200 in 523ms (next.js: 8ms, application-code: 516ms)
 GET /login 200 in 527ms (next.js: 50ms, application-code: 477ms)
 GET /login 200 in 493ms (next.js: 9ms, application-code: 484ms)
 GET /ventas 200 in 1066ms (next.js: 68ms, application-code: 998ms)
 GET /login 200 in 1282ms (next.js: 83ms, application-code: 1199ms)
 GET /login 200 in 1343ms (next.js: 17ms, application-code: 1326ms)
 GET /login 200 in 1373ms (next.js: 52ms, application-code: 1322ms)
 GET /login 200 in 1462ms (next.js: 118ms, application-code: 1344ms)
 GET /ventas 200 in 1434ms (next.js: 10ms, application-code: 1424ms)
 GET /ventas 200 in 1468ms (next.js: 45ms, application-code: 1423ms)
 GET /ventas 200 in 1691ms (next.js: 17ms, application-code: 1674ms)
 GET /ventas 200 in 1680ms (next.js: 60ms, application-code: 1619ms)
 GET /ventas 200 in 1757ms (next.js: 13ms, application-code: 1744ms)
 GET /login 200 in 1790ms (next.js: 709ms, application-code: 1081ms)
 GET /login 200 in 956ms (next.js: 154ms, application-code: 802ms)
 GET /ventas 200 in 876ms (next.js: 109ms, application-code: 767ms)
 GET /login 200 in 759ms (next.js: 76ms, application-code: 683ms)
 GET /login 200 in 760ms (next.js: 106ms, application-code: 654ms)
 GET /login 200 in 767ms (next.js: 159ms, application-code: 607ms)
 GET /login 200 in 628ms (next.js: 49ms, application-code: 579ms)
 GET /ventas 200 in 674ms (next.js: 111ms, application-code: 563ms)
 GET /ventas 200 in 599ms (next.js: 60ms, application-code: 539ms)
 GET /ventas 200 in 507ms (next.js: 55ms, application-code: 452ms)
 GET /ventas 200 in 501ms (next.js: 10ms, application-code: 491ms)
 GET /ventas 200 in 546ms (next.js: 110ms, application-code: 436ms)
 GET /login 200 in 390ms (next.js: 11ms, application-code: 379ms)
 GET /login 200 in 508ms (next.js: 13ms, application-code: 496ms)
 GET /ventas 200 in 503ms (next.js: 39ms, application-code: 464ms)
 GET /login 200 in 508ms (next.js: 62ms, application-code: 446ms)
 GET /login 200 in 511ms (next.js: 35ms, application-code: 477ms)
 GET /login 200 in 512ms (next.js: 67ms, application-code: 446ms)
 GET /login 200 in 483ms (next.js: 9ms, application-code: 474ms)
 GET /ventas 200 in 552ms (next.js: 39ms, application-code: 514ms)
 GET /ventas 200 in 530ms (next.js: 7ms, application-code: 523ms)
 GET /ventas 200 in 518ms (next.js: 13ms, application-code: 504ms)
 GET /ventas 200 in 552ms (next.js: 66ms, application-code: 486ms)
 GET /ventas 200 in 395ms (next.js: 14ms, application-code: 380ms)
 GET /login 200 in 397ms (next.js: 45ms, application-code: 352ms)
 GET /login 200 in 396ms (next.js: 7ms, application-code: 389ms)
 GET /ventas 200 in 433ms (next.js: 36ms, application-code: 396ms)
 GET /login 200 in 404ms (next.js: 71ms, application-code: 333ms)
 GET /login 200 in 407ms (next.js: 39ms, application-code: 368ms)
 GET /login 200 in 429ms (next.js: 77ms, application-code: 352ms)
 GET /login 200 in 407ms (next.js: 10ms, application-code: 397ms)
 GET /ventas 200 in 409ms (next.js: 47ms, application-code: 362ms)
 GET /ventas 200 in 340ms (next.js: 9ms, application-code: 331ms)
 GET /ventas 200 in 340ms (next.js: 16ms, application-code: 324ms)
 GET /ventas 200 in 337ms (next.js: 41ms, application-code: 296ms)
 GET /ventas 200 in 302ms (next.js: 10ms, application-code: 293ms)
 GET /login 200 in 316ms (next.js: 14ms, application-code: 302ms)
 GET /login 200 in 262ms (next.js: 7ms, application-code: 255ms)
 GET /ventas 200 in 224ms (next.js: 7ms, application-code: 217ms)
 GET /ventas 200 in 171ms (next.js: 11ms, application-code: 160ms)
 GET /ventas 200 in 127ms (next.js: 10ms, application-code: 116ms)
 GET /ventas 200 in 89ms (next.js: 5ms, application-code: 83ms)
 GET /font/CircularXXSub-Regular.woff 404 in 215ms (next.js: 12ms, application-code: 202ms)
 GET /font/CircularXXSub-Bold.woff 404 in 83ms (next.js: 16ms, application-code: 67ms)
✓ Compiled in 1065ms
 GET /ventas 200 in 764ms (next.js: 240ms, application-code: 524ms)
 GET /login 200 in 767ms (next.js: 87ms, application-code: 680ms)
 GET /ventas 200 in 271ms (next.js: 211ms, application-code: 60ms)
 GET /login 200 in 277ms (next.js: 128ms, application-code: 150ms)
 GET /font/CircularXXSub-Regular.woff 404 in 1121ms (next.js: 349ms, application-code: 772ms)
 GET /font/CircularXXSub-Bold.woff 404 in 980ms (next.js: 526ms, application-code: 455ms)
 GET /font/CircularXXSub-Regular.woff 404 in 954ms (next.js: 565ms, application-code: 388ms)
 GET /font/CircularXXSub-Bold.woff 404 in 495ms (next.js: 215ms, application-code: 280ms)
 GET /font/CircularXXSub-Black.woff 404 in 232ms (next.js: 72ms, application-code: 159ms)
 GET /historial/ventas 200 in 107ms (next.js: 53ms, application-code: 54ms)
 GET /ventas 200 in 33ms (next.js: 5ms, application-code: 27ms)
 GET /historial/cotizaciones 200 in 293ms (next.js: 216ms, application-code: 77ms)
 GET /facturacion/comprobantes 200 in 102ms (next.js: 46ms, application-code: 56ms)
 GET /facturacion/nota-credito 200 in 77ms (next.js: 33ms, application-code: 44ms)
 GET /facturacion/series 200 in 213ms (next.js: 147ms, application-code: 66ms)
 GET /historial/ventas 200 in 39ms (next.js: 6ms, application-code: 33ms)
 GET /cotizaciones 200 in 206ms (next.js: 143ms, application-code: 64ms)
 GET /catalogo/productos 200 in 297ms (next.js: 200ms, application-code: 97ms)
 GET /ventas 200 in 69ms (next.js: 7ms, application-code: 62ms)
✓ Compiled in 1751ms
 GET /ventas 200 in 1260ms (next.js: 189ms, application-code: 1070ms)
 GET /login 200 in 1268ms (next.js: 332ms, application-code: 937ms)
 GET /ventas 200 in 467ms (next.js: 31ms, application-code: 436ms)
 GET /font/CircularXXSub-Black.woff 404 in 1313ms (next.js: 504ms, application-code: 809ms)
 GET /font/CircularXXSub-Regular.woff 404 in 1314ms (next.js: 447ms, application-code: 866ms)
 GET /font/CircularXXSub-Bold.woff 404 in 1313ms (next.js: 530ms, application-code: 783ms)
 GET /login 200 in 476ms (next.js: 205ms, application-code: 270ms)
 GET /ventas 200 in 205ms (next.js: 9ms, application-code: 196ms)
 GET /login 200 in 150ms (next.js: 12ms, application-code: 137ms)
 GET /ventas 200 in 2.8s (next.js: 489ms, application-code: 2.3s)
 GET /login 200 in 2.8s (next.js: 627ms, application-code: 2.2s)
 GET /ventas 200 in 2.4s (next.js: 14ms, application-code: 2.4s)
 GET /login 200 in 2.4s (next.js: 59ms, application-code: 2.3s)
 GET /ventas 200 in 2.1s (next.js: 86ms, application-code: 1999ms)
 GET /ventas 200 in 2.1s (next.js: 314ms, application-code: 1768ms)
 GET /ventas 200 in 2.1s (next.js: 479ms, application-code: 1606ms)
 GET /ventas 200 in 2.1s (next.js: 210ms, application-code: 1893ms)
 GET /login 200 in 1476ms (next.js: 207ms, application-code: 1268ms)
 GET /login 200 in 1476ms (next.js: 478ms, application-code: 998ms)
 GET /login 200 in 1520ms (next.js: 548ms, application-code: 972ms)
 GET /login 200 in 1537ms (next.js: 452ms, application-code: 1084ms)
 GET /ventas 200 in 1726ms (next.js: 54ms, application-code: 1673ms)
 GET /login 200 in 1716ms (next.js: 176ms, application-code: 1540ms)
 GET /ventas 200 in 1481ms (next.js: 45ms, application-code: 1435ms)
 GET /login 200 in 1458ms (next.js: 120ms, application-code: 1338ms)
 GET /ventas 200 in 1372ms (next.js: 387ms, application-code: 985ms)
 GET /ventas 200 in 1374ms (next.js: 173ms, application-code: 1201ms)
 GET /ventas 200 in 1237ms (next.js: 363ms, application-code: 874ms)
 GET /ventas 200 in 1239ms (next.js: 432ms, application-code: 808ms)
 GET /login 200 in 1079ms (next.js: 178ms, application-code: 901ms)
 GET /login 200 in 933ms (next.js: 108ms, application-code: 825ms)
 GET /login 200 in 944ms (next.js: 109ms, application-code: 834ms)
 GET /login 200 in 948ms (next.js: 260ms, application-code: 688ms)
 GET /ventas 200 in 1139ms (next.js: 44ms, application-code: 1096ms)
 GET /ventas 200 in 979ms (next.js: 38ms, application-code: 940ms)
 GET /ventas 200 in 768ms (next.js: 36ms, application-code: 733ms)
 GET /login 200 in 756ms (next.js: 96ms, application-code: 660ms)
 GET /login 200 in 599ms (next.js: 17ms, application-code: 582ms)
 GET /login 200 in 311ms (next.js: 19ms, application-code: 292ms)
 GET /font/CircularXXSub-Regular.woff 404 in 698ms (next.js: 178ms, application-code: 520ms)
 GET /font/CircularXXSub-Bold.woff 404 in 331ms (next.js: 109ms, application-code: 222ms)
 GET /dashboard 200 in 102ms (next.js: 42ms, application-code: 60ms)
 GET /ventas 200 in 83ms (next.js: 12ms, application-code: 71ms)
 GET /historial/cotizaciones 200 in 93ms (next.js: 33ms, application-code: 60ms)
 GET /historial/ventas 200 in 103ms (next.js: 33ms, application-code: 70ms)
 GET /facturacion/comprobantes 200 in 194ms (next.js: 109ms, application-code: 85ms)
 GET /facturacion/nota-credito 200 in 112ms (next.js: 55ms, application-code: 58ms)
 GET /facturacion/comprobantes 200 in 69ms (next.js: 8ms, application-code: 61ms)
 GET /facturacion/nota-credito 200 in 71ms (next.js: 7ms, application-code: 64ms)
 GET /facturacion/comprobantes 200 in 51ms (next.js: 10ms, application-code: 41ms)
 GET /facturacion/nota-credito 200 in 47ms (next.js: 4ms, application-code: 43ms)
 GET /facturacion/comprobantes 200 in 196ms (next.js: 6ms, application-code: 189ms)
 GET /ventas 200 in 45ms (next.js: 8ms, application-code: 37ms)
 GET /caja 200 in 281ms (next.js: 216ms, application-code: 65ms)
 GET /ventas 200 in 28ms (next.js: 5ms, application-code: 23ms)
✓ Compiled in 900ms
 GET /ventas 200 in 753ms (next.js: 276ms, application-code: 477ms)
 GET /login 200 in 759ms (next.js: 462ms, application-code: 297ms)
 GET /ventas 200 in 244ms (next.js: 11ms, application-code: 233ms)
 GET /login 200 in 189ms (next.js: 10ms, application-code: 179ms)
✓ Finished filesystem cache database compaction in 16.4s
 GET /ventas 200 in 1625ms (next.js: 144ms, application-code: 1481ms)
 GET /font/CircularXXSub-Bold.woff 404 in 312ms (next.js: 65ms, application-code: 248ms)
 GET /font/CircularXXSub-Regular.woff 404 in 307ms (next.js: 126ms, application-code: 180ms)
 GET /font/CircularXXSub-Black.woff 404 in 65ms (next.js: 9ms, application-code: 55ms)
 GET /administracion/sucursales 200 in 277ms (next.js: 215ms, application-code: 62ms)
 GET /facturacion/comprobantes 200 in 89ms (next.js: 39ms, application-code: 50ms)
 GET /catalogo/productos 200 in 96ms (next.js: 43ms, application-code: 53ms)
 GET /facturacion/comprobantes 200 in 84ms (next.js: 37ms, application-code: 46ms)
 GET /login 200 in 139ms (next.js: 28ms, application-code: 111ms)
 GET /login 200 in 70ms (next.js: 11ms, application-code: 59ms)
 GET /dashboard 200 in 253ms (next.js: 87ms, application-code: 166ms)
 GET /dashboard 200 in 120ms (next.js: 16ms, application-code: 104ms)
 GET /ventas 200 in 89ms (next.js: 15ms, application-code: 74ms)
 GET /caja 200 in 1206ms (next.js: 1162ms, application-code: 44ms)
 GET /cotizaciones 200 in 325ms (next.js: 251ms, application-code: 74ms)
 GET /clientes 200 in 231ms (next.js: 176ms, application-code: 55ms)
 GET /historial/ventas 200 in 113ms (next.js: 52ms, application-code: 61ms)
 GET /historial/cotizaciones 200 in 83ms (next.js: 39ms, application-code: 44ms)
 GET /facturacion/comprobantes 200 in 51ms (next.js: 9ms, application-code: 42ms)
 GET /facturacion/nota-credito 200 in 75ms (next.js: 33ms, application-code: 42ms)
 GET /facturacion/series 200 in 93ms (next.js: 50ms, application-code: 43ms)
 GET /catalogo/productos 200 in 57ms (next.js: 7ms, application-code: 50ms)
 GET /catalogo/categorias 200 in 133ms (next.js: 88ms, application-code: 44ms)
 GET /catalogo/marcas 200 in 244ms (next.js: 184ms, application-code: 60ms)
 GET /catalogo/colores 200 in 229ms (next.js: 148ms, application-code: 81ms)
 GET /catalogo/tallas 200 in 220ms (next.js: 169ms, application-code: 51ms)
 GET /configuracion/metodos-pago 200 in 199ms (next.js: 133ms, application-code: 66ms)
 GET /configuracion/plan 200 in 80ms (next.js: 47ms, application-code: 33ms)
 GET /configuracion/mi-cuenta 200 in 214ms (next.js: 137ms, application-code: 77ms)
 GET /configuracion/metodos-pago 200 in 46ms (next.js: 5ms, application-code: 41ms)
 GET /configuracion/mi-cuenta 200 in 68ms (next.js: 29ms, application-code: 39ms)
 GET /catalogo/categorias 200 in 36ms (next.js: 7ms, application-code: 30ms)
 GET /catalogo/productos 200 in 46ms (next.js: 5ms, application-code: 41ms)
 GET /facturacion/nota-credito 200 in 50ms (next.js: 6ms, application-code: 44ms)
 GET /facturacion/comprobantes 200 in 43ms (next.js: 4ms, application-code: 39ms)
 GET /clientes 200 in 41ms (next.js: 7ms, application-code: 34ms)
 GET /ventas 200 in 34ms (next.js: 5ms, application-code: 30ms)
 GET /caja 200 in 35ms (next.js: 5ms, application-code: 30ms)
 GET /ventas 200 in 34ms (next.js: 4ms, application-code: 30ms)
 GET /caja 200 in 45ms (next.js: 6ms, application-code: 40ms)
 GET /clientes 200 in 40ms (next.js: 4ms, application-code: 35ms)
 GET /historial/ventas 200 in 36ms (next.js: 6ms, application-code: 30ms)
 GET /facturacion/comprobantes 200 in 35ms (next.js: 4ms, application-code: 31ms)
 GET /ventas 200 in 31ms (next.js: 5ms, application-code: 26ms)
 GET /caja 200 in 63ms (next.js: 3ms, application-code: 60ms)
 GET /ventas 200 in 37ms (next.js: 4ms, application-code: 32ms)
 GET /caja 200 in 33ms (next.js: 4ms, application-code: 29ms)
 GET /login 200 in 168ms (next.js: 28ms, application-code: 139ms)
 GET /login 200 in 66ms (next.js: 15ms, application-code: 51ms)
 GET /dashboard 200 in 133ms (next.js: 15ms, application-code: 117ms)
 GET /dashboard 200 in 68ms (next.js: 6ms, application-code: 62ms)
 GET /superadmin 200 in 309ms (next.js: 114ms, application-code: 195ms)
 GET /superadmin 200 in 112ms (next.js: 9ms, application-code: 103ms)
 GET /superadmin/empresas 200 in 331ms (next.js: 217ms, application-code: 115ms)
 GET /superadmin/empresas/consumos 200 in 282ms (next.js: 189ms, application-code: 93ms)
 GET /superadmin/suscripciones 200 in 240ms (next.js: 172ms, application-code: 68ms)
 GET /superadmin/planes 200 in 100ms (next.js: 42ms, application-code: 57ms)
 GET /superadmin/afiliados 200 in 283ms (next.js: 195ms, application-code: 88ms)
 GET /superadmin/facturacion/comprobantes 200 in 264ms (next.js: 188ms, application-code: 76ms)
 GET /superadmin/facturacion/emisor 200 in 234ms (next.js: 154ms, application-code: 80ms)
 GET /superadmin/facturacion/series 200 in 189ms (next.js: 130ms, application-code: 59ms)
 GET /superadmin/administracion/usuarios 200 in 1872ms (next.js: 1795ms, application-code: 77ms)
 GET /superadmin/empresas 200 in 62ms (next.js: 8ms, application-code: 54ms)
✓ Compiled in 2.9s
 GET /superadmin/empresas 200 in 1617ms (next.js: 677ms, application-code: 940ms)
 GET /superadmin/empresas 200 in 845ms (next.js: 24ms, application-code: 822ms)
 GET /superadmin/empresas 200 in 630ms (next.js: 32ms, application-code: 598ms)
 GET /login 200 in 279ms (next.js: 44ms, application-code: 235ms)
 GET /login 200 in 160ms (next.js: 9ms, application-code: 150ms)
 GET /login 200 in 99ms (next.js: 5ms, application-code: 93ms)
 GET /superadmin/empresas/consumos 200 in 113ms (next.js: 31ms, application-code: 82ms)
 GET /superadmin 200 in 186ms (next.js: 53ms, application-code: 133ms)
 GET /superadmin/empresas 200 in 72ms (next.js: 10ms, application-code: 62ms)
 GET /superadmin/empresas/consumos 200 in 77ms (next.js: 14ms, application-code: 63ms)
 GET /login 200 in 124ms (next.js: 9ms, application-code: 115ms)
 GET /login 200 in 60ms (next.js: 6ms, application-code: 53ms)
 GET /dashboard 200 in 155ms (next.js: 58ms, application-code: 96ms)
 GET /dashboard 200 in 48ms (next.js: 6ms, application-code: 41ms)
 GET /ventas 200 in 296ms (next.js: 233ms, application-code: 64ms)
 GET /caja 200 in 76ms (next.js: 32ms, application-code: 44ms)
 GET /ventas 200 in 34ms (next.js: 5ms, application-code: 29ms)
 GET /caja 200 in 41ms (next.js: 6ms, application-code: 35ms)
 GET /cotizaciones 200 in 208ms (next.js: 145ms, application-code: 63ms)
 GET /historial/ventas 200 in 101ms (next.js: 41ms, application-code: 60ms)
 GET /historial/cotizaciones 200 in 57ms (next.js: 29ms, application-code: 28ms)
 GET /historial/ventas 200 in 46ms (next.js: 4ms, application-code: 43ms)
 GET /facturacion/comprobantes 200 in 80ms (next.js: 28ms, application-code: 52ms)
 GET /facturacion/nota-credito 200 in 65ms (next.js: 24ms, application-code: 41ms)
 GET /facturacion/comprobantes 200 in 36ms (next.js: 5ms, application-code: 32ms)
 GET /facturacion/nota-credito 200 in 35ms (next.js: 5ms, application-code: 30ms)
 GET /facturacion/comprobantes 200 in 32ms (next.js: 4ms, application-code: 28ms)
 GET /historial/ventas 200 in 40ms (next.js: 4ms, application-code: 36ms)
 GET /historial/cotizaciones 200 in 38ms (next.js: 5ms, application-code: 33ms)
 GET /ventas 200 in 32ms (next.js: 5ms, application-code: 27ms)
 GET /administracion/sucursales 200 in 82ms (next.js: 35ms, application-code: 47ms)
 GET /dashboard 200 in 84ms (next.js: 36ms, application-code: 48ms)
 GET /facturacion/comprobantes 200 in 57ms (next.js: 9ms, application-code: 48ms)
 GET /historial/ventas 200 in 47ms (next.js: 9ms, application-code: 38ms)
 GET /historial/cotizaciones 200 in 51ms (next.js: 6ms, application-code: 45ms)
 GET /facturacion/nota-credito 200 in 43ms (next.js: 6ms, application-code: 37ms)
 GET /facturacion/comprobantes 200 in 41ms (next.js: 4ms, application-code: 37ms)
 GET /facturacion/nota-credito 200 in 32ms (next.js: 6ms, application-code: 26ms)
 GET /facturacion/comprobantes 200 in 31ms (next.js: 3ms, application-code: 27ms)
 GET /facturacion/nota-credito 200 in 45ms (next.js: 5ms, application-code: 40ms)
 GET /facturacion/comprobantes 200 in 35ms (next.js: 9ms, application-code: 26ms)
 GET /historial/ventas 200 in 33ms (next.js: 4ms, application-code: 29ms)
 GET /historial/cotizaciones 200 in 37ms (next.js: 6ms, application-code: 31ms)
 GET /ventas 200 in 38ms (next.js: 8ms, application-code: 30ms)
 GET /historial/ventas 200 in 38ms (next.js: 7ms, application-code: 31ms)
 GET /catalogo/productos 200 in 84ms (next.js: 41ms, application-code: 43ms)
 GET /facturacion/comprobantes 200 in 38ms (next.js: 4ms, application-code: 34ms)
 GET /facturacion/nota-credito 200 in 53ms (next.js: 26ms, application-code: 27ms)
 GET /configuracion/plan 200 in 119ms (next.js: 46ms, application-code: 72ms)
 GET /ventas 200 in 46ms (next.js: 5ms, application-code: 40ms)
 GET /login 200 in 101ms (next.js: 19ms, application-code: 82ms)
 GET /login 200 in 69ms (next.js: 15ms, application-code: 54ms)
 GET /dashboard 200 in 127ms (next.js: 19ms, application-code: 108ms)
 GET /dashboard 200 in 48ms (next.js: 4ms, application-code: 44ms)
 GET /ventas 200 in 59ms (next.js: 9ms, application-code: 50ms)
 GET /caja 200 in 71ms (next.js: 30ms, application-code: 41ms)
 GET /ventas 200 in 46ms (next.js: 10ms, application-code: 36ms)
✓ Compiled in 3s
✓ Compiled in 3.1s
 GET /ventas 200 in 1263ms (next.js: 331ms, application-code: 932ms)
 GET /login 200 in 1263ms (next.js: 486ms, application-code: 777ms)
 GET /ventas 200 in 722ms (next.js: 6ms, application-code: 716ms)
 GET /login 200 in 826ms (next.js: 8ms, application-code: 818ms)
 GET /ventas 200 in 821ms (next.js: 17ms, application-code: 804ms)
 GET /ventas 200 in 823ms (next.js: 58ms, application-code: 765ms)
 GET /ventas 200 in 824ms (next.js: 104ms, application-code: 721ms)
 GET /ventas 200 in 825ms (next.js: 152ms, application-code: 674ms)
 GET /login 200 in 829ms (next.js: 239ms, application-code: 590ms)
 GET /login 200 in 831ms (next.js: 451ms, application-code: 379ms)
 GET /login 200 in 835ms (next.js: 342ms, application-code: 494ms)
 GET /login 200 in 692ms (next.js: 290ms, application-code: 402ms)
 GET /ventas 200 in 741ms (next.js: 15ms, application-code: 726ms)
 GET /login 200 in 742ms (next.js: 101ms, application-code: 641ms)
 GET /ventas 200 in 638ms (next.js: 7ms, application-code: 632ms)
 GET /login 200 in 629ms (next.js: 29ms, application-code: 600ms)
 GET /ventas 200 in 603ms (next.js: 27ms, application-code: 576ms)
 GET /ventas 200 in 606ms (next.js: 82ms, application-code: 524ms)
 GET /ventas 200 in 606ms (next.js: 168ms, application-code: 438ms)
 GET /ventas 200 in 613ms (next.js: 125ms, application-code: 488ms)
 GET /login 200 in 618ms (next.js: 212ms, application-code: 406ms)
 GET /login 200 in 618ms (next.js: 250ms, application-code: 369ms)
 GET /login 200 in 621ms (next.js: 295ms, application-code: 326ms)
 GET /login 200 in 401ms (next.js: 8ms, application-code: 393ms)
 GET /ventas 200 in 846ms (next.js: 6ms, application-code: 840ms)
 GET /login 200 in 849ms (next.js: 53ms, application-code: 796ms)
 GET /ventas 200 in 758ms (next.js: 19ms, application-code: 739ms)
 GET /login 200 in 647ms (next.js: 34ms, application-code: 613ms)
 GET /ventas 200 in 645ms (next.js: 129ms, application-code: 516ms)
 GET /ventas 200 in 645ms (next.js: 196ms, application-code: 449ms)
 GET /ventas 200 in 646ms (next.js: 249ms, application-code: 397ms)
 GET /ventas 200 in 538ms (next.js: 208ms, application-code: 330ms)
 GET /login 200 in 343ms (next.js: 71ms, application-code: 272ms)
 GET /login 200 in 344ms (next.js: 125ms, application-code: 219ms)
 GET /login 200 in 346ms (next.js: 170ms, application-code: 176ms)
 GET /login 200 in 113ms (next.js: 8ms, application-code: 104ms)
 GET /font/CircularXXSub-Regular.woff 404 in 577ms (next.js: 95ms, application-code: 482ms)
 GET /font/CircularXXSub-Bold.woff 404 in 592ms (next.js: 366ms, application-code: 226ms)
 GET /font/CircularXXSub-Black.woff 404 in 579ms (next.js: 403ms, application-code: 176ms)
 GET /caja 200 in 72ms (next.js: 22ms, application-code: 50ms)
 GET /caja/cmsdv26r80007v9qkv0luw4vg 200 in 131ms (next.js: 66ms, application-code: 65ms)
 GET /caja 200 in 37ms (next.js: 6ms, application-code: 30ms)
 GET /ventas 200 in 25ms (next.js: 4ms, application-code: 21ms)
 GET /historial/ventas 200 in 132ms (next.js: 84ms, application-code: 48ms)
 GET /font/CircularXXSub-Regular.woff 404 in 335ms (next.js: 22ms, application-code: 313ms)
 GET /font/CircularXXSub-Bold.woff 404 in 204ms (next.js: 29ms, application-code: 175ms)
 GET /historial/cotizaciones 200 in 173ms (next.js: 113ms, application-code: 59ms)
 GET /facturacion/comprobantes 200 in 205ms (next.js: 106ms, application-code: 99ms)
 GET /dashboard 200 in 89ms (next.js: 39ms, application-code: 50ms)
 GET /ventas 200 in 63ms (next.js: 12ms, application-code: 51ms)
 GET /dashboard 200 in 84ms (next.js: 9ms, application-code: 75ms)
✓ Compiled in 3s
 GET /dashboard 200 in 2.9s (next.js: 1274ms, application-code: 1599ms)
 GET /login 200 in 2.9s (next.js: 2.1s, application-code: 732ms)
 GET /dashboard 200 in 696ms (next.js: 9ms, application-code: 687ms)
 GET /login 200 in 756ms (next.js: 23ms, application-code: 733ms)
 GET /dashboard 200 in 645ms (next.js: 29ms, application-code: 616ms)
 GET /dashboard 200 in 702ms (next.js: 86ms, application-code: 617ms)
 GET /dashboard 200 in 703ms (next.js: 146ms, application-code: 557ms)
 GET /dashboard 200 in 704ms (next.js: 243ms, application-code: 461ms)
 GET /login 200 in 779ms (next.js: 380ms, application-code: 400ms)
 GET /login 200 in 786ms (next.js: 294ms, application-code: 492ms)
 GET /login 200 in 784ms (next.js: 426ms, application-code: 357ms)
 GET /login 200 in 790ms (next.js: 334ms, application-code: 456ms)
 GET /dashboard 200 in 848ms (next.js: 18ms, application-code: 830ms)
 GET /login 200 in 850ms (next.js: 62ms, application-code: 788ms)
 GET /dashboard 200 in 742ms (next.js: 13ms, application-code: 728ms)
 GET /login 200 in 738ms (next.js: 79ms, application-code: 659ms)
 GET /dashboard 200 in 575ms (next.js: 37ms, application-code: 537ms)
 GET /dashboard 200 in 575ms (next.js: 116ms, application-code: 459ms)
 GET /dashboard 200 in 576ms (next.js: 196ms, application-code: 380ms)
 GET /dashboard 200 in 557ms (next.js: 237ms, application-code: 320ms)
 GET /login 200 in 334ms (next.js: 62ms, application-code: 272ms)
 GET /login 200 in 335ms (next.js: 116ms, application-code: 219ms)
 GET /login 200 in 336ms (next.js: 161ms, application-code: 175ms)
 GET /login 200 in 337ms (next.js: 220ms, application-code: 117ms)
✓ Compiled in 337ms
 GET /login 200 in 1394ms (next.js: 419ms, application-code: 976ms)
 GET /dashboard 200 in 1395ms (next.js: 875ms, application-code: 520ms)
 GET /login 200 in 477ms (next.js: 6ms, application-code: 471ms)
 GET /dashboard 200 in 480ms (next.js: 52ms, application-code: 428ms)
 GET /login 200 in 483ms (next.js: 32ms, application-code: 451ms)
 GET /login 200 in 485ms (next.js: 79ms, application-code: 406ms)
 GET /login 200 in 488ms (next.js: 116ms, application-code: 373ms)
 GET /login 200 in 560ms (next.js: 151ms, application-code: 409ms)
 GET /dashboard 200 in 542ms (next.js: 177ms, application-code: 364ms)
 GET /dashboard 200 in 604ms (next.js: 215ms, application-code: 390ms)
 GET /dashboard 200 in 438ms (next.js: 94ms, application-code: 344ms)
 GET /dashboard 200 in 443ms (next.js: 131ms, application-code: 312ms)
 GET /login 200 in 393ms (next.js: 13ms, application-code: 380ms)
 GET /dashboard 200 in 394ms (next.js: 54ms, application-code: 340ms)
 GET /login 200 in 289ms (next.js: 21ms, application-code: 267ms)
 GET /dashboard 200 in 277ms (next.js: 81ms, application-code: 196ms)
 GET /login 200 in 132ms (next.js: 9ms, application-code: 123ms)
 GET /dashboard 200 in 77ms (next.js: 9ms, application-code: 68ms)
 GET /historial/ventas 200 in 3.6s (next.js: 1936ms, application-code: 1674ms)
 GET /historial/cotizaciones 200 in 1533ms (next.js: 994ms, application-code: 539ms)
 GET /historial/ventas 200 in 119ms (next.js: 20ms, application-code: 100ms)
 GET /dashboard 200 in 164ms (next.js: 32ms, application-code: 133ms)
 GET /historial/ventas 200 in 74ms (next.js: 10ms, application-code: 64ms)
 GET /dashboard 200 in 50ms (next.js: 6ms, application-code: 44ms)
 GET /historial/ventas 200 in 141ms (next.js: 24ms, application-code: 117ms)
 GET /dashboard 200 in 353ms (next.js: 154ms, application-code: 199ms)
 GET /historial/ventas 200 in 160ms (next.js: 46ms, application-code: 114ms)
 GET /historial/cotizaciones 200 in 164ms (next.js: 39ms, application-code: 125ms)
 GET /historial/ventas 200 in 182ms (next.js: 25ms, application-code: 157ms)
 GET /historial/cotizaciones 200 in 88ms (next.js: 16ms, application-code: 72ms)
 GET /facturacion/comprobantes 200 in 623ms (next.js: 466ms, application-code: 157ms)
 GET /ventas 200 in 313ms (next.js: 237ms, application-code: 76ms)
 GET /facturacion/nota-credito 200 in 2.9s (next.js: 2.9s, application-code: 79ms)
 GET /facturacion/nota-credito/nuevo 200 in 577ms (next.js: 382ms, application-code: 195ms)
 GET /facturacion/comprobantes 200 in 1003ms (next.js: 740ms, application-code: 262ms)
 GET /facturacion/nota-credito 200 in 146ms (next.js: 16ms, application-code: 129ms)
 GET /facturacion/nota-credito/nuevo 200 in 107ms (next.js: 18ms, application-code: 88ms)
✓ Compiled in 6.1s
 GET /login 200 in 3.6s (next.js: 3.2s, application-code: 433ms)
 GET /facturacion/nota-credito/nuevo 200 in 3.7s (next.js: 2.6s, application-code: 1082ms)
 GET /facturacion/nota-credito/nuevo 200 in 2.3s (next.js: 969ms, application-code: 1295ms)
 GET /login 200 in 2.3s (next.js: 1203ms, application-code: 1066ms)
 GET /facturacion/nota-credito/nuevo 200 in 1251ms (next.js: 31ms, application-code: 1220ms)
 GET /login 200 in 1280ms (next.js: 272ms, application-code: 1007ms)
 GET /configuracion/empresa 200 in 742ms (next.js: 620ms, application-code: 122ms)
 GET /configuracion/plan 200 in 118ms (next.js: 47ms, application-code: 70ms)
 GET /dashboard 200 in 2.2s (next.js: 663ms, application-code: 1514ms)
 GET /facturacion/nota-credito 200 in 120ms (next.js: 45ms, application-code: 76ms)
 GET /facturacion/nota-credito/nuevo 200 in 179ms (next.js: 23ms, application-code: 156ms)
 GET /ventas 200 in 137ms (next.js: 63ms, application-code: 74ms)
✓ Compiled in 2.8s
 GET /historial/ventas 200 in 11.6s (next.js: 2.1s, application-code: 9.5s)
 GET /historial/ventas 200 in 1479ms (next.js: 303ms, application-code: 1176ms)
 GET /login 200 in 2.4s (next.js: 773ms, application-code: 1602ms)
 GET /login 200 in 2.6s (next.js: 188ms, application-code: 2.4s)
 GET /ventas 200 in 2.6s (next.js: 83ms, application-code: 2.5s)
 GET /login 200 in 2.2s (next.js: 254ms, application-code: 1968ms)
 GET /login 200 in 2.2s (next.js: 32ms, application-code: 2.2s)
 GET /login 200 in 2.2s (next.js: 139ms, application-code: 2.1s)
 GET /login 200 in 2.4s (next.js: 480ms, application-code: 1873ms)
 GET /ventas 200 in 1933ms (next.js: 182ms, application-code: 1751ms)
 GET /ventas 200 in 1015ms (next.js: 27ms, application-code: 988ms)
 GET /login 200 in 1519ms (next.js: 35ms, application-code: 1484ms)
 GET /font/CircularXXSub-Black.woff 404 in 2.8s (next.js: 515ms, application-code: 2.3s)
 GET /font/CircularXXSub-Bold.woff 404 in 2.9s (next.js: 364ms, application-code: 2.5s)
 GET /font/CircularXXSub-Regular.woff 404 in 2.8s (next.js: 649ms, application-code: 2.2s)
 GET /ventas 200 in 2.1s (next.js: 31ms, application-code: 2.0s)
✓ Finished filesystem cache database compaction in 10.8s
 GET /login 200 in 1935ms (next.js: 116ms, application-code: 1818ms)
 GET /login 200 in 1960ms (next.js: 45ms, application-code: 1915ms)
 GET /login 200 in 1833ms (next.js: 80ms, application-code: 1753ms)
 GET /ventas 200 in 1970ms (next.js: 290ms, application-code: 1679ms)
 GET /font/CircularXXSub-Regular.woff 404 in 2.1s (next.js: 55ms, application-code: 2.0s)
 GET /font/CircularXXSub-Bold.woff 404 in 2.2s (next.js: 549ms, application-code: 1626ms)
 GET /ventas 200 in 1107ms (next.js: 53ms, application-code: 1054ms)
 GET /ventas 200 in 953ms (next.js: 145ms, application-code: 808ms)
 GET /ventas 200 in 953ms (next.js: 313ms, application-code: 640ms)
 GET /login 200 in 972ms (next.js: 29ms, application-code: 943ms)
 GET /ventas 200 in 965ms (next.js: 231ms, application-code: 734ms)
 GET /ventas 200 in 527ms (next.js: 25ms, application-code: 502ms)
 GET /login 200 in 633ms (next.js: 117ms, application-code: 516ms)
 GET /login 200 in 640ms (next.js: 17ms, application-code: 622ms)
 GET /ventas 200 in 414ms (next.js: 21ms, application-code: 393ms)
 GET /ventas 200 in 245ms (next.js: 19ms, application-code: 226ms)
 GET /ventas 200 in 256ms (next.js: 136ms, application-code: 120ms)
 GET /facturacion/nota-credito 200 in 249ms (next.js: 172ms, application-code: 77ms)
 GET /facturacion/nota-credito/nuevo 200 in 305ms (next.js: 137ms, application-code: 168ms)
 GET /facturacion/nota-credito 200 in 66ms (next.js: 9ms, application-code: 57ms)
 GET /facturacion/comprobantes 200 in 240ms (next.js: 166ms, application-code: 74ms)
 GET /facturacion/nota-credito 200 in 37ms (next.js: 4ms, application-code: 33ms)
 GET /historial/ventas 200 in 35ms (next.js: 6ms, application-code: 29ms)
 GET /historial/ventas/cmsdt44pv000hv9xomsb2ovak 200 in 1684ms (next.js: 1617ms, application-code: 67ms)
 GET /historial/cotizaciones 200 in 156ms (next.js: 98ms, application-code: 58ms)
 GET /historial/cotizaciones/cmsds64do0005v9xo2kkomqup 200 in 218ms (next.js: 144ms, application-code: 74ms)
 GET /historial/ventas 200 in 57ms (next.js: 8ms, application-code: 49ms)
 GET /historial/cotizaciones 200 in 43ms (next.js: 4ms, application-code: 38ms)
 GET /dashboard 200 in 63ms (next.js: 29ms, application-code: 34ms)
✓ Compiled in 16.5s
✓ Finished writing to filesystem cache in 26.1s
✓ Finished filesystem cache database compaction in 14.3s
 GET /dashboard 200 in 66s (next.js: 14.5s, application-code: 52s)
 GET /login 200 in 66s (next.js: 8.8s, application-code: 57s)
 GET /dashboard 200 in 2.1s (next.js: 657ms, application-code: 1412ms)
 GET /dashboard 200 in 2.1s (next.js: 904ms, application-code: 1182ms)
 GET /login 200 in 2.1s (next.js: 1204ms, application-code: 914ms)
 GET /login 200 in 2.1s (next.js: 1385ms, application-code: 695ms)
 GET /login 200 in 2.1s (next.js: 1274ms, application-code: 817ms)
 GET /login 200 in 2.1s (next.js: 1052ms, application-code: 1045ms)
 GET /dashboard 200 in 2.1s (next.js: 1537ms, application-code: 581ms)
 GET /dashboard 200 in 2.1s (next.js: 1660ms, application-code: 451ms)
 GET /dashboard 200 in 2.1s (next.js: 1774ms, application-code: 347ms)
 GET /login 200 in 2.1s (next.js: 1855ms, application-code: 239ms)
 GET /login 200 in 1394ms (next.js: 133ms, application-code: 1261ms)
 GET /dashboard 200 in 1399ms (next.js: 229ms, application-code: 1170ms)
 GET /login 200 in 1399ms (next.js: 323ms, application-code: 1076ms)
 GET /login 200 in 1402ms (next.js: 418ms, application-code: 983ms)
 GET /login 200 in 1404ms (next.js: 508ms, application-code: 896ms)
 GET /dashboard 200 in 1405ms (next.js: 697ms, application-code: 708ms)
 GET /dashboard 200 in 1416ms (next.js: 605ms, application-code: 812ms)
 GET /dashboard 200 in 1437ms (next.js: 31ms, application-code: 1405ms)
 GET /dashboard 200 in 1421ms (next.js: 838ms, application-code: 584ms)
 GET /login 200 in 624ms (next.js: 115ms, application-code: 509ms)
 GET /login 200 in 1178ms (next.js: 17ms, application-code: 1160ms)
 GET /dashboard 200 in 1602ms (next.js: 123ms, application-code: 1479ms)
 GET /login 200 in 2.3s (next.js: 73ms, application-code: 2.2s)
 GET /login 200 in 2.3s (next.js: 349ms, application-code: 1969ms)
 GET /login 200 in 2.3s (next.js: 218ms, application-code: 2.1s)
 GET /login 200 in 2.3s (next.js: 460ms, application-code: 1866ms)
 GET /login 200 in 1773ms (next.js: 84ms, application-code: 1689ms)
 GET /dashboard 200 in 1713ms (next.js: 281ms, application-code: 1432ms)
 GET /dashboard 200 in 1733ms (next.js: 148ms, application-code: 1585ms)
 GET /dashboard 200 in 1735ms (next.js: 402ms, application-code: 1333ms)
 GET /login 200 in 1428ms (next.js: 30ms, application-code: 1398ms)
 GET /font/CircularXXSub-Bold.woff 404 in 3.2s (next.js: 695ms, application-code: 2.5s)
 GET /font/CircularXXSub-Regular.woff 404 in 3.2s (next.js: 796ms, application-code: 2.4s)
 GET /dashboard 200 in 1836ms (next.js: 171ms, application-code: 1664ms)
 GET /login 200 in 2.0s (next.js: 142ms, application-code: 1884ms)
 GET /login 200 in 2.0s (next.js: 37ms, application-code: 1996ms)
 GET /login 200 in 2.0s (next.js: 358ms, application-code: 1662ms)
 GET /login 200 in 2.0s (next.js: 265ms, application-code: 1770ms)
 GET /login 200 in 1578ms (next.js: 46ms, application-code: 1532ms)
 GET /dashboard 200 in 1566ms (next.js: 176ms, application-code: 1391ms)
 GET /dashboard 200 in 1576ms (next.js: 346ms, application-code: 1229ms)
 GET /dashboard 200 in 1909ms (next.js: 545ms, application-code: 1364ms)
 GET /dashboard 200 in 1519ms (next.js: 77ms, application-code: 1442ms)
 GET /dashboard 200 in 1516ms (next.js: 191ms, application-code: 1324ms)
 GET /login 200 in 1532ms (next.js: 424ms, application-code: 1109ms)
 GET /dashboard 200 in 1529ms (next.js: 314ms, application-code: 1215ms)
 GET /login 200 in 1331ms (next.js: 27ms, application-code: 1304ms)
 GET /login 200 in 1333ms (next.js: 250ms, application-code: 1083ms)
 GET /login 200 in 1341ms (next.js: 144ms, application-code: 1197ms)
 GET /login 200 in 1443ms (next.js: 366ms, application-code: 1077ms)
 GET /dashboard 200 in 986ms (next.js: 38ms, application-code: 949ms)
 GET /login 200 in 997ms (next.js: 168ms, application-code: 829ms)
 GET /dashboard 200 in 985ms (next.js: 266ms, application-code: 719ms)
 GET /dashboard 200 in 1266ms (next.js: 330ms, application-code: 936ms)
 GET /dashboard 200 in 1950ms (next.js: 21ms, application-code: 1929ms)
 GET /login 200 in 2.1s (next.js: 105ms, application-code: 2.0s)
 GET /dashboard 200 in 2.6s (next.js: 243ms, application-code: 2.3s)
 GET /dashboard 200 in 2.7s (next.js: 364ms, application-code: 2.3s)
 GET /login 200 in 2.6s (next.js: 37ms, application-code: 2.6s)
 GET /login 200 in 2.6s (next.js: 155ms, application-code: 2.5s)
 GET /login 200 in 2.9s (next.js: 311ms, application-code: 2.6s)
 GET /login 200 in 2.8s (next.js: 311ms, application-code: 2.5s)
 GET /login 200 in 2.5s (next.js: 228ms, application-code: 2.3s)
 GET /dashboard 200 in 2.5s (next.js: 456ms, application-code: 2.0s)
 GET /dashboard 200 in 2.3s (next.js: 310ms, application-code: 2.0s)
 GET /dashboard 200 in 2.4s (next.js: 52ms, application-code: 2.3s)
 GET /login 200 in 1390ms (next.js: 39ms, application-code: 1351ms)
 GET /dashboard 200 in 1400ms (next.js: 133ms, application-code: 1266ms)
 GET /dashboard 200 in 1400ms (next.js: 220ms, application-code: 1180ms)
 GET /dashboard 200 in 1407ms (next.js: 320ms, application-code: 1087ms)
 GET /login 200 in 1219ms (next.js: 27ms, application-code: 1192ms)
 GET /login 200 in 1227ms (next.js: 153ms, application-code: 1074ms)
 GET /login 200 in 1348ms (next.js: 257ms, application-code: 1091ms)
 GET /login 200 in 1190ms (next.js: 128ms, application-code: 1061ms)
 GET /login 200 in 1087ms (next.js: 127ms, application-code: 960ms)
 GET /dashboard 200 in 1090ms (next.js: 218ms, application-code: 872ms)
 GET /dashboard 200 in 1088ms (next.js: 206ms, application-code: 882ms)
 GET /dashboard 200 in 1109ms (next.js: 106ms, application-code: 1003ms)
 GET /dashboard 200 in 1541ms (next.js: 15ms, application-code: 1526ms)
 GET /login 200 in 1559ms (next.js: 119ms, application-code: 1441ms)
 GET /dashboard 200 in 1556ms (next.js: 272ms, application-code: 1284ms)
 GET /dashboard 200 in 1305ms (next.js: 146ms, application-code: 1159ms)
 GET /login 200 in 1107ms (next.js: 30ms, application-code: 1077ms)
 GET /login 200 in 1099ms (next.js: 118ms, application-code: 981ms)
 GET /login 200 in 1101ms (next.js: 216ms, application-code: 885ms)
 GET /login 200 in 1282ms (next.js: 227ms, application-code: 1055ms)
 GET /login 200 in 1702ms (next.js: 26ms, application-code: 1676ms)
 GET /dashboard 200 in 1702ms (next.js: 132ms, application-code: 1571ms)
 GET /dashboard 200 in 1707ms (next.js: 227ms, application-code: 1480ms)
 GET /dashboard 200 in 1828ms (next.js: 28ms, application-code: 1800ms)
 GET /login 200 in 2.1s (next.js: 37ms, application-code: 2.0s)
 GET /dashboard 200 in 2.1s (next.js: 169ms, application-code: 1968ms)
 GET /dashboard 200 in 2.2s (next.js: 313ms, application-code: 1855ms)
 GET /dashboard 200 in 1901ms (next.js: 258ms, application-code: 1643ms)
 GET /login 200 in 1724ms (next.js: 313ms, application-code: 1412ms)
 GET /login 200 in 1565ms (next.js: 373ms, application-code: 1193ms)
 GET /login 200 in 1593ms (next.js: 479ms, application-code: 1114ms)
 GET /login 200 in 1298ms (next.js: 323ms, application-code: 975ms)
 GET /dashboard 200 in 1154ms (next.js: 52ms, application-code: 1102ms)
 GET /login 200 in 1175ms (next.js: 189ms, application-code: 985ms)
 GET /dashboard 200 in 1198ms (next.js: 274ms, application-code: 924ms)
 GET /dashboard 200 in 1266ms (next.js: 20ms, application-code: 1247ms)
 GET /login 200 in 1293ms (next.js: 30ms, application-code: 1263ms)
 GET /dashboard 200 in 1328ms (next.js: 131ms, application-code: 1197ms)
 GET /dashboard 200 in 1233ms (next.js: 237ms, application-code: 995ms)
 GET /dashboard 200 in 1031ms (next.js: 76ms, application-code: 956ms)
 GET /login 200 in 1044ms (next.js: 213ms, application-code: 832ms)
 GET /login 200 in 1063ms (next.js: 152ms, application-code: 911ms)
 GET /login 200 in 1004ms (next.js: 335ms, application-code: 669ms)
 GET /login 200 in 787ms (next.js: 16ms, application-code: 770ms)
 GET /dashboard 200 in 875ms (next.js: 94ms, application-code: 781ms)
 GET /login 200 in 892ms (next.js: 142ms, application-code: 750ms)
 GET /dashboard 200 in 1032ms (next.js: 196ms, application-code: 835ms)
 GET /dashboard 200 in 873ms (next.js: 14ms, application-code: 860ms)
 GET /login 200 in 1052ms (next.js: 27ms, application-code: 1024ms)
 GET /dashboard 200 in 993ms (next.js: 72ms, application-code: 920ms)
 GET /dashboard 200 in 881ms (next.js: 122ms, application-code: 759ms)
 GET /dashboard 200 in 906ms (next.js: 105ms, application-code: 801ms)
 GET /login 200 in 923ms (next.js: 157ms, application-code: 766ms)
 GET /login 200 in 941ms (next.js: 206ms, application-code: 736ms)
 GET /login 200 in 977ms (next.js: 261ms, application-code: 717ms)
 GET /login 200 in 789ms (next.js: 15ms, application-code: 773ms)
 GET /dashboard 200 in 1026ms (next.js: 75ms, application-code: 950ms)
 GET /login 200 in 1042ms (next.js: 177ms, application-code: 865ms)
 GET /dashboard 200 in 1039ms (next.js: 183ms, application-code: 855ms)
 GET /dashboard 200 in 923ms (next.js: 19ms, application-code: 904ms)
 GET /login 200 in 1138ms (next.js: 70ms, application-code: 1068ms)
 GET /dashboard 200 in 1018ms (next.js: 106ms, application-code: 912ms)
 GET /login 200 in 837ms (next.js: 131ms, application-code: 707ms)
 GET /dashboard 200 in 854ms (next.js: 90ms, application-code: 765ms)
 GET /login 200 in 878ms (next.js: 200ms, application-code: 677ms)
 GET /dashboard 200 in 924ms (next.js: 37ms, application-code: 886ms)
 GET /login 200 in 1125ms (next.js: 259ms, application-code: 865ms)
 GET /login 200 in 1030ms (next.js: 14ms, application-code: 1016ms)
 GET /dashboard 200 in 1241ms (next.js: 111ms, application-code: 1130ms)
 GET /login 200 in 1273ms (next.js: 177ms, application-code: 1096ms)
 GET /dashboard 200 in 1305ms (next.js: 223ms, application-code: 1082ms)
 GET /dashboard 200 in 1150ms (next.js: 7ms, application-code: 1143ms)
 GET /login 200 in 1512ms (next.js: 176ms, application-code: 1336ms)
 GET /dashboard 200 in 1445ms (next.js: 242ms, application-code: 1203ms)
 GET /login 200 in 1182ms (next.js: 14ms, application-code: 1168ms)
 GET /login 200 in 1201ms (next.js: 102ms, application-code: 1100ms)
 GET /dashboard 200 in 1239ms (next.js: 57ms, application-code: 1182ms)
 GET /dashboard 200 in 1274ms (next.js: 293ms, application-code: 982ms)
 GET /login 200 in 1062ms (next.js: 197ms, application-code: 864ms)
 GET /login 200 in 1085ms (next.js: 13ms, application-code: 1072ms)
 GET /dashboard 200 in 1257ms (next.js: 202ms, application-code: 1055ms)
 GET /login 200 in 1263ms (next.js: 198ms, application-code: 1065ms)
 GET /dashboard 200 in 1115ms (next.js: 94ms, application-code: 1021ms)
 GET /dashboard 200 in 1164ms (next.js: 8ms, application-code: 1156ms)
 GET /login 200 in 1205ms (next.js: 68ms, application-code: 1136ms)
 GET /dashboard 200 in 1189ms (next.js: 117ms, application-code: 1072ms)
 GET /login 200 in 1100ms (next.js: 74ms, application-code: 1026ms)
 GET /login 200 in 1103ms (next.js: 147ms, application-code: 956ms)
 GET /dashboard 200 in 1109ms (next.js: 196ms, application-code: 913ms)
 GET /dashboard 200 in 1055ms (next.js: 210ms, application-code: 845ms)
 GET /login 200 in 873ms (next.js: 178ms, application-code: 695ms)
 GET /login 200 in 1019ms (next.js: 21ms, application-code: 998ms)
 GET /dashboard 200 in 1103ms (next.js: 107ms, application-code: 996ms)
 GET /login 200 in 1107ms (next.js: 102ms, application-code: 1005ms)
 GET /dashboard 200 in 921ms (next.js: 71ms, application-code: 850ms)
 GET /dashboard 200 in 1063ms (next.js: 130ms, application-code: 933ms)
 GET /login 200 in 1143ms (next.js: 33ms, application-code: 1110ms)
 GET /dashboard 200 in 1130ms (next.js: 120ms, application-code: 1009ms)
 GET /login 200 in 1033ms (next.js: 109ms, application-code: 924ms)
 GET /login 200 in 1033ms (next.js: 168ms, application-code: 865ms)
 GET /dashboard 200 in 1037ms (next.js: 234ms, application-code: 802ms)
 GET /dashboard 200 in 962ms (next.js: 237ms, application-code: 725ms)
 GET /login 200 in 751ms (next.js: 73ms, application-code: 678ms)
 GET /login 200 in 1124ms (next.js: 27ms, application-code: 1097ms)
 GET /dashboard 200 in 1120ms (next.js: 103ms, application-code: 1018ms)
 GET /login 200 in 1186ms (next.js: 23ms, application-code: 1163ms)
 GET /dashboard 200 in 1187ms (next.js: 133ms, application-code: 1054ms)
 GET /dashboard 200 in 1370ms (next.js: 62ms, application-code: 1308ms)
 GET /login 200 in 1343ms (next.js: 34ms, application-code: 1309ms)
 GET /dashboard 200 in 1439ms (next.js: 113ms, application-code: 1326ms)
 GET /login 200 in 1354ms (next.js: 139ms, application-code: 1215ms)
 GET /dashboard 200 in 1354ms (next.js: 346ms, application-code: 1008ms)
 GET /login 200 in 1365ms (next.js: 243ms, application-code: 1122ms)
 GET /dashboard 200 in 1259ms (next.js: 336ms, application-code: 922ms)
 GET /login 200 in 951ms (next.js: 147ms, application-code: 804ms)
 GET /dashboard 200 in 1325ms (next.js: 27ms, application-code: 1298ms)
 GET /login 200 in 1471ms (next.js: 246ms, application-code: 1225ms)
 GET /login 200 in 1449ms (next.js: 110ms, application-code: 1339ms)
 GET /dashboard 200 in 1130ms (next.js: 36ms, application-code: 1094ms)
 GET /dashboard 200 in 1785ms (next.js: 52ms, application-code: 1733ms)
 GET /login 200 in 1733ms (next.js: 38ms, application-code: 1695ms)
 GET /dashboard 200 in 1616ms (next.js: 175ms, application-code: 1441ms)
 GET /login 200 in 1619ms (next.js: 262ms, application-code: 1357ms)
 GET /login 200 in 1628ms (next.js: 93ms, application-code: 1535ms)
 GET /dashboard 200 in 1714ms (next.js: 29ms, application-code: 1686ms)
 GET /dashboard 200 in 1703ms (next.js: 361ms, application-code: 1342ms)
 GET /login 200 in 1483ms (next.js: 198ms, application-code: 1285ms)
 GET /login 200 in 1812ms (next.js: 21ms, application-code: 1792ms)
 GET /dashboard 200 in 1831ms (next.js: 631ms, application-code: 1200ms)
 GET /login 200 in 1816ms (next.js: 688ms, application-code: 1128ms)
 GET /dashboard 200 in 1679ms (next.js: 644ms, application-code: 1035ms)
 GET /dashboard 200 in 987ms (next.js: 39ms, application-code: 948ms)
 GET /login 200 in 1272ms (next.js: 24ms, application-code: 1248ms)
 GET /login 200 in 1144ms (next.js: 21ms, application-code: 1123ms)
 GET /login 200 in 1151ms (next.js: 103ms, application-code: 1047ms)
 GET /dashboard 200 in 1145ms (next.js: 292ms, application-code: 853ms)
 GET /dashboard 200 in 1150ms (next.js: 430ms, application-code: 720ms)
 GET /dashboard 200 in 1171ms (next.js: 221ms, application-code: 950ms)
 GET /login 200 in 922ms (next.js: 29ms, application-code: 893ms)
 GET /dashboard 200 in 1437ms (next.js: 37ms, application-code: 1400ms)
 GET /login 200 in 1438ms (next.js: 153ms, application-code: 1285ms)
 GET /dashboard 200 in 1432ms (next.js: 236ms, application-code: 1196ms)
 GET /login 200 in 1457ms (next.js: 346ms, application-code: 1110ms)
 GET /dashboard 200 in 1225ms (next.js: 42ms, application-code: 1183ms)
 GET /login 200 in 1321ms (next.js: 148ms, application-code: 1173ms)
 GET /login 200 in 1208ms (next.js: 162ms, application-code: 1045ms)
 GET /login 200 in 1071ms (next.js: 146ms, application-code: 925ms)
 GET /dashboard 200 in 1072ms (next.js: 235ms, application-code: 837ms)
 GET /dashboard 200 in 956ms (next.js: 325ms, application-code: 631ms)
 GET /dashboard 200 in 964ms (next.js: 225ms, application-code: 739ms)
 GET /login 200 in 752ms (next.js: 56ms, application-code: 696ms)
 GET /dashboard 200 in 1296ms (next.js: 16ms, application-code: 1279ms)
 GET /login 200 in 1297ms (next.js: 94ms, application-code: 1203ms)
 GET /login 200 in 1306ms (next.js: 191ms, application-code: 1116ms)
 GET /dashboard 200 in 1316ms (next.js: 256ms, application-code: 1060ms)
 GET /login 200 in 1267ms (next.js: 124ms, application-code: 1142ms)
 GET /dashboard 200 in 1289ms (next.js: 37ms, application-code: 1252ms)
 GET /login 200 in 1316ms (next.js: 32ms, application-code: 1285ms)
 GET /login 200 in 1313ms (next.js: 108ms, application-code: 1205ms)
 GET /dashboard 200 in 1314ms (next.js: 197ms, application-code: 1117ms)
 GET /dashboard 200 in 1312ms (next.js: 268ms, application-code: 1044ms)
 GET /dashboard 200 in 1341ms (next.js: 290ms, application-code: 1051ms)
 GET /login 200 in 1032ms (next.js: 51ms, application-code: 981ms)
 GET /dashboard 200 in 1603ms (next.js: 22ms, application-code: 1582ms)
 GET /login 200 in 1605ms (next.js: 168ms, application-code: 1438ms)
 GET /dashboard 200 in 1352ms (next.js: 23ms, application-code: 1330ms)
 GET /login 200 in 1359ms (next.js: 122ms, application-code: 1237ms)
 GET /login 200 in 1110ms (next.js: 31ms, application-code: 1079ms)
 GET /dashboard 200 in 1100ms (next.js: 127ms, application-code: 973ms)
 GET /login 200 in 1302ms (next.js: 30ms, application-code: 1272ms)
 GET /login 200 in 1303ms (next.js: 147ms, application-code: 1156ms)
 GET /dashboard 200 in 1301ms (next.js: 263ms, application-code: 1037ms)
 GET /dashboard 200 in 1309ms (next.js: 371ms, application-code: 938ms)
 GET /dashboard 200 in 1166ms (next.js: 148ms, application-code: 1019ms)
 GET /login 200 in 1008ms (next.js: 37ms, application-code: 971ms)
 GET /dashboard 200 in 1437ms (next.js: 21ms, application-code: 1416ms)
 GET /login 200 in 1439ms (next.js: 114ms, application-code: 1325ms)
 GET /dashboard 200 in 1436ms (next.js: 218ms, application-code: 1218ms)
 GET /login 200 in 1439ms (next.js: 312ms, application-code: 1126ms)
 GET /dashboard 200 in 1030ms (next.js: 25ms, application-code: 1005ms)
 GET /login 200 in 1039ms (next.js: 136ms, application-code: 903ms)
 GET /login 200 in 1116ms (next.js: 28ms, application-code: 1087ms)
 GET /login 200 in 1202ms (next.js: 131ms, application-code: 1071ms)
 GET /dashboard 200 in 1202ms (next.js: 237ms, application-code: 965ms)
 GET /dashboard 200 in 1108ms (next.js: 208ms, application-code: 900ms)
 GET /dashboard 200 in 928ms (next.js: 121ms, application-code: 807ms)
 GET /login 200 in 1224ms (next.js: 21ms, application-code: 1204ms)
 GET /dashboard 200 in 1446ms (next.js: 23ms, application-code: 1423ms)
 GET /login 200 in 1447ms (next.js: 108ms, application-code: 1339ms)
 GET /dashboard 200 in 1448ms (next.js: 210ms, application-code: 1238ms)
 GET /login 200 in 1453ms (next.js: 316ms, application-code: 1137ms)
 GET /dashboard 200 in 1067ms (next.js: 61ms, application-code: 1005ms)
 GET /login 200 in 1069ms (next.js: 165ms, application-code: 904ms)
 GET /login 200 in 1052ms (next.js: 261ms, application-code: 791ms)
 GET /dashboard 200 in 1035ms (next.js: 427ms, application-code: 608ms)
 GET /login 200 in 1048ms (next.js: 342ms, application-code: 707ms)
 GET /dashboard 200 in 1030ms (next.js: 26ms, application-code: 1003ms)
 GET /dashboard 200 in 1037ms (next.js: 110ms, application-code: 927ms)
 GET /login 200 in 1807ms (next.js: 39ms, application-code: 1768ms)
 GET /login 200 in 1562ms (next.js: 52ms, application-code: 1510ms)
 GET /dashboard 200 in 1568ms (next.js: 225ms, application-code: 1344ms)
 GET /login 200 in 1566ms (next.js: 319ms, application-code: 1247ms)
 GET /dashboard 200 in 1585ms (next.js: 446ms, application-code: 1139ms)
 GET /login 200 in 1058ms (next.js: 20ms, application-code: 1038ms)
 GET /login 200 in 1059ms (next.js: 510ms, application-code: 549ms)
 GET /login 200 in 1073ms (next.js: 113ms, application-code: 959ms)
 GET /dashboard 200 in 1080ms (next.js: 251ms, application-code: 830ms)
 GET /dashboard 200 in 1073ms (next.js: 375ms, application-code: 698ms)
 GET /dashboard 200 in 1037ms (next.js: 245ms, application-code: 792ms)
 GET /dashboard 200 in 1076ms (next.js: 63ms, application-code: 1013ms)
 GET /dashboard 200 in 1527ms (next.js: 38ms, application-code: 1489ms)
 GET /login 200 in 1613ms (next.js: 301ms, application-code: 1312ms)
 GET /login 200 in 1686ms (next.js: 193ms, application-code: 1493ms)
 GET /login 200 in 1714ms (next.js: 538ms, application-code: 1176ms)
 GET /dashboard 200 in 1764ms (next.js: 398ms, application-code: 1366ms)
 GET /login 200 in 1450ms (next.js: 29ms, application-code: 1422ms)
 GET /login 200 in 1453ms (next.js: 139ms, application-code: 1314ms)
 GET /login 200 in 1455ms (next.js: 228ms, application-code: 1227ms)
 GET /dashboard 200 in 1456ms (next.js: 356ms, application-code: 1099ms)
 GET /dashboard 200 in 1458ms (next.js: 455ms, application-code: 1002ms)
 GET /dashboard 200 in 1324ms (next.js: 28ms, application-code: 1295ms)
 GET /dashboard 200 in 1335ms (next.js: 154ms, application-code: 1181ms)
 GET /dashboard 200 in 1463ms (next.js: 18ms, application-code: 1445ms)
 GET /login 200 in 1465ms (next.js: 177ms, application-code: 1288ms)
 GET /login 200 in 1473ms (next.js: 85ms, application-code: 1388ms)
 GET /login 200 in 1472ms (next.js: 289ms, application-code: 1182ms)
 GET /dashboard 200 in 1207ms (next.js: 243ms, application-code: 965ms)
 GET /login 200 in 879ms (next.js: 28ms, application-code: 851ms)
 GET /login 200 in 1172ms (next.js: 157ms, application-code: 1015ms)
 GET /login 200 in 1172ms (next.js: 256ms, application-code: 916ms)
 GET /dashboard 200 in 1294ms (next.js: 335ms, application-code: 959ms)
 GET /dashboard 200 in 1299ms (next.js: 412ms, application-code: 886ms)
 GET /dashboard 200 in 1296ms (next.js: 19ms, application-code: 1277ms)
 GET /dashboard 200 in 1797ms (next.js: 159ms, application-code: 1639ms)
 GET /login 200 in 1992ms (next.js: 20ms, application-code: 1972ms)
 GET /login 200 in 1995ms (next.js: 155ms, application-code: 1840ms)
 GET /dashboard 200 in 2.0s (next.js: 319ms, application-code: 1686ms)
 GET /login 200 in 1718ms (next.js: 171ms, application-code: 1548ms)
 GET /dashboard 200 in 1570ms (next.js: 175ms, application-code: 1396ms)
 GET /login 200 in 1425ms (next.js: 187ms, application-code: 1237ms)
 GET /login 200 in 1273ms (next.js: 310ms, application-code: 962ms)
 GET /login 200 in 1288ms (next.js: 213ms, application-code: 1075ms)
 GET /dashboard 200 in 1094ms (next.js: 379ms, application-code: 715ms)
 GET /dashboard 200 in 1102ms (next.js: 259ms, application-code: 843ms)
 GET /dashboard 200 in 952ms (next.js: 97ms, application-code: 855ms)
 GET /dashboard 200 in 708ms (next.js: 62ms, application-code: 646ms)
 GET /dashboard 200 in 413ms (next.js: 46ms, application-code: 367ms)
 GET /dashboard 200 in 401ms (next.js: 185ms, application-code: 215ms)
 GET /dashboard 200 in 1648ms (next.js: 168ms, application-code: 1481ms)
 GET /dashboard 200 in 1659ms (next.js: 285ms, application-code: 1374ms)
 GET /dashboard 200 in 1623ms (next.js: 542ms, application-code: 1081ms)
 GET /dashboard 200 in 1627ms (next.js: 771ms, application-code: 856ms)
 GET /dashboard 200 in 1676ms (next.js: 436ms, application-code: 1240ms)
 GET /dashboard 200 in 1669ms (next.js: 684ms, application-code: 985ms)
 GET /login 200 in 2.1s (next.js: 1365ms, application-code: 728ms)
 GET /login 200 in 2.1s (next.js: 1486ms, application-code: 608ms)
 GET /login 200 in 1726ms (next.js: 1218ms, application-code: 508ms)
 GET /login 200 in 1727ms (next.js: 1424ms, application-code: 303ms)
 GET /login 200 in 2.1s (next.js: 1649ms, application-code: 414ms)
 GET /login 200 in 2.1s (next.js: 1905ms, application-code: 191ms)
 GET /dashboard 200 in 2.0s (next.js: 181ms, application-code: 1821ms)
 GET /dashboard 200 in 1992ms (next.js: 606ms, application-code: 1386ms)
 GET /dashboard 200 in 2.0s (next.js: 71ms, application-code: 1948ms)
 GET /dashboard 200 in 2.0s (next.js: 330ms, application-code: 1690ms)
 GET /dashboard 200 in 2.0s (next.js: 748ms, application-code: 1259ms)
 GET /login 200 in 2.0s (next.js: 1118ms, application-code: 888ms)
 GET /login 200 in 2.0s (next.js: 1400ms, application-code: 601ms)
 GET /login 200 in 2.0s (next.js: 1249ms, application-code: 759ms)
 GET /login 200 in 2.0s (next.js: 946ms, application-code: 1078ms)
 GET /dashboard 200 in 2.0s (next.js: 462ms, application-code: 1585ms)
 GET /login 200 in 2.0s (next.js: 1725ms, application-code: 279ms)
 GET /login 200 in 2.0s (next.js: 1587ms, application-code: 431ms)
 GET /dashboard 200 in 2.6s (next.js: 548ms, application-code: 2.0s)
 GET /dashboard 200 in 2.6s (next.js: 259ms, application-code: 2.4s)
 GET /dashboard 200 in 2.6s (next.js: 79ms, application-code: 2.5s)
 GET /dashboard 200 in 2.6s (next.js: 714ms, application-code: 1884ms)
 GET /dashboard 200 in 2.6s (next.js: 397ms, application-code: 2.2s)
 GET /login 200 in 2.6s (next.js: 1114ms, application-code: 1488ms)
 GET /login 200 in 2.6s (next.js: 1823ms, application-code: 768ms)
 GET /login 200 in 2.6s (next.js: 1215ms, application-code: 1394ms)
 GET /login 200 in 2.6s (next.js: 2.0s, application-code: 574ms)
 GET /login 200 in 2.6s (next.js: 1587ms, application-code: 1037ms)
 GET /login 200 in 2.6s (next.js: 948ms, application-code: 1691ms)
 GET /dashboard 200 in 2.6s (next.js: 1437ms, application-code: 1196ms)
 GET /dashboard 200 in 2.8s (next.js: 115ms, application-code: 2.7s)
 GET /dashboard 200 in 2.8s (next.js: 677ms, application-code: 2.1s)
 GET /dashboard 200 in 2.8s (next.js: 1202ms, application-code: 1581ms)
 GET /dashboard 200 in 2.8s (next.js: 454ms, application-code: 2.3s)
 GET /login 200 in 2.7s (next.js: 1699ms, application-code: 1049ms)
 GET /login 200 in 2.7s (next.js: 1932ms, application-code: 818ms)
 GET /login 200 in 2.7s (next.js: 2.3s, application-code: 484ms)
 GET /login 200 in 2.8s (next.js: 2.1s, application-code: 635ms)
 GET /login 200 in 2.8s (next.js: 1508ms, application-code: 1263ms)
 GET /dashboard 200 in 2.7s (next.js: 2.4s, application-code: 319ms)
 GET /dashboard 200 in 2.8s (next.js: 930ms, application-code: 1889ms)
 GET /login 200 in 2.8s (next.js: 1342ms, application-code: 1457ms)
 GET /dashboard 200 in 1734ms (next.js: 65ms, application-code: 1669ms)
 GET /dashboard 200 in 1753ms (next.js: 208ms, application-code: 1545ms)
 GET /dashboard 200 in 1783ms (next.js: 320ms, application-code: 1463ms)
 GET /dashboard 200 in 1817ms (next.js: 427ms, application-code: 1389ms)
 GET /login 200 in 1854ms (next.js: 686ms, application-code: 1167ms)
 GET /login 200 in 1916ms (next.js: 552ms, application-code: 1363ms)
 GET /login 200 in 1943ms (next.js: 823ms, application-code: 1120ms)
 GET /login 200 in 2.1s (next.js: 952ms, application-code: 1110ms)
 GET /dashboard 200 in 2.1s (next.js: 1178ms, application-code: 922ms)
 GET /login 200 in 2.1s (next.js: 1058ms, application-code: 1090ms)
 GET /dashboard 200 in 2.0s (next.js: 1153ms, application-code: 895ms)
 GET /login 200 in 954ms (next.js: 284ms, application-code: 670ms)
 GET /dashboard 200 in 1585ms (next.js: 76ms, application-code: 1509ms)
 GET /dashboard 200 in 1571ms (next.js: 107ms, application-code: 1464ms)
 GET /dashboard 200 in 1621ms (next.js: 292ms, application-code: 1328ms)
 GET /login 200 in 1666ms (next.js: 573ms, application-code: 1093ms)
 GET /login 200 in 1760ms (next.js: 465ms, application-code: 1295ms)
 GET /login 200 in 1808ms (next.js: 673ms, application-code: 1135ms)
 GET /login 200 in 1810ms (next.js: 754ms, application-code: 1056ms)
 GET /dashboard 200 in 1828ms (next.js: 190ms, application-code: 1638ms)
 GET /dashboard 200 in 1741ms (next.js: 961ms, application-code: 780ms)
 GET /login 200 in 1743ms (next.js: 795ms, application-code: 948ms)
 GET /dashboard 200 in 664ms (next.js: 29ms, application-code: 635ms)
 GET /login 200 in 706ms (next.js: 207ms, application-code: 499ms)
 GET /dashboard 200 in 1792ms (next.js: 80ms, application-code: 1712ms)
 GET /dashboard 200 in 1761ms (next.js: 258ms, application-code: 1504ms)
 GET /dashboard 200 in 1771ms (next.js: 161ms, application-code: 1611ms)
 GET /login 200 in 1771ms (next.js: 364ms, application-code: 1407ms)
 GET /login 200 in 1770ms (next.js: 592ms, application-code: 1178ms)
 GET /login 200 in 1776ms (next.js: 484ms, application-code: 1293ms)
 GET /login 200 in 1770ms (next.js: 1185ms, application-code: 585ms)
 GET /dashboard 200 in 1777ms (next.js: 817ms, application-code: 960ms)
 GET /dashboard 200 in 1780ms (next.js: 987ms, application-code: 793ms)
 GET /login 200 in 1791ms (next.js: 709ms, application-code: 1081ms)
 GET /dashboard 200 in 1206ms (next.js: 180ms, application-code: 1026ms)
 GET /login 200 in 1207ms (next.js: 41ms, application-code: 1167ms)
 GET /dashboard 200 in 1923ms (next.js: 60ms, application-code: 1863ms)
 GET /dashboard 200 in 1915ms (next.js: 184ms, application-code: 1731ms)
 GET /dashboard 200 in 1917ms (next.js: 331ms, application-code: 1586ms)
 GET /login 200 in 1916ms (next.js: 582ms, application-code: 1334ms)
 GET /login 200 in 1925ms (next.js: 450ms, application-code: 1475ms)
 GET /dashboard 200 in 1917ms (next.js: 850ms, application-code: 1067ms)
 GET /dashboard 200 in 1928ms (next.js: 1098ms, application-code: 830ms)
 GET /login 200 in 1940ms (next.js: 726ms, application-code: 1214ms)
 GET /login 200 in 1936ms (next.js: 961ms, application-code: 975ms)
 GET /login 200 in 1251ms (next.js: 583ms, application-code: 668ms)
 GET /login 200 in 564ms (next.js: 33ms, application-code: 531ms)
 GET /dashboard 200 in 571ms (next.js: 189ms, application-code: 382ms)
 GET /dashboard 200 in 1836ms (next.js: 144ms, application-code: 1692ms)
 GET /dashboard 200 in 1882ms (next.js: 461ms, application-code: 1422ms)
 GET /dashboard 200 in 1864ms (next.js: 554ms, application-code: 1310ms)
 GET /dashboard 200 in 1898ms (next.js: 344ms, application-code: 1554ms)
 GET /dashboard 200 in 1894ms (next.js: 683ms, application-code: 1211ms)
 GET /dashboard 200 in 1827ms (next.js: 735ms, application-code: 1092ms)
 GET /login 200 in 1863ms (next.js: 1200ms, application-code: 663ms)
 GET /login 200 in 1842ms (next.js: 858ms, application-code: 983ms)
 GET /login 200 in 1910ms (next.js: 1374ms, application-code: 537ms)
 GET /login 200 in 1847ms (next.js: 1055ms, application-code: 792ms)
 GET /login 200 in 1912ms (next.js: 1511ms, application-code: 401ms)
 GET /login 200 in 1882ms (next.js: 1586ms, application-code: 295ms)
 GET /dashboard 200 in 1408ms (next.js: 51ms, application-code: 1357ms)
 GET /dashboard 200 in 1399ms (next.js: 276ms, application-code: 1123ms)
 GET /dashboard 200 in 1400ms (next.js: 380ms, application-code: 1020ms)
 GET /dashboard 200 in 1402ms (next.js: 485ms, application-code: 917ms)
 GET /dashboard 200 in 1416ms (next.js: 171ms, application-code: 1245ms)
 GET /dashboard 200 in 1407ms (next.js: 563ms, application-code: 844ms)
 GET /login 200 in 1410ms (next.js: 750ms, application-code: 660ms)
 GET /login 200 in 1408ms (next.js: 999ms, application-code: 408ms)
 GET /login 200 in 1415ms (next.js: 907ms, application-code: 508ms)
 GET /login 200 in 325ms (next.js: 34ms, application-code: 291ms)
 GET /login 200 in 330ms (next.js: 136ms, application-code: 194ms)
 GET /dashboard 200 in 172ms (next.js: 8ms, application-code: 164ms)
 GET /facturacion/nota-credito 200 in 1784ms (next.js: 1226ms, application-code: 558ms)
○ Compiling /facturacion/nota-credito/[publicId] ...
 GET /facturacion/nota-credito/cmsdyhwgw0001v9947u1o4qpe 200 in 38.7s (next.js: 37.2s, application-code: 1541ms)
 GET /facturacion/nota-credito 200 in 183ms (next.js: 32ms, application-code: 151ms)
 GET /facturacion/nota-credito/cmsdyhwgw0001v9947u1o4qpe 200 in 449ms (next.js: 143ms, application-code: 306ms)
 GET /facturacion/nota-credito/cmsdyhwgw0001v9947u1o4qpe 200 in 119ms (next.js: 10ms, application-code: 109ms)
 GET /font/CircularXXSub-Regular.woff 404 in 906ms (next.js: 64ms, application-code: 842ms)
 GET /font/CircularXXSub-Bold.woff 404 in 555ms (next.js: 250ms, application-code: 305ms)
 GET /historial/ventas 200 in 5.9s (next.js: 2.9s, application-code: 3.0s)
 GET /facturacion/comprobantes 200 in 520ms (next.js: 395ms, application-code: 125ms)
✓ Compiled in 7.3s
 GET /login 200 in 6.5s (next.js: 795ms, application-code: 5.7s)
 GET /facturacion/comprobantes 200 in 6.4s (next.js: 1455ms, application-code: 4.9s)
 GET /login 200 in 4.6s (next.js: 59ms, application-code: 4.6s)
 GET /facturacion/comprobantes 200 in 4.6s (next.js: 492ms, application-code: 4.1s)
 GET /login 200 in 3.8s (next.js: 27ms, application-code: 3.8s)
 GET /login 200 in 3.8s (next.js: 515ms, application-code: 3.3s)
 GET /login 200 in 3.8s (next.js: 159ms, application-code: 3.7s)
 GET /login 200 in 3.8s (next.js: 97ms, application-code: 3.7s)
 GET /facturacion/comprobantes 200 in 3.8s (next.js: 2.2s, application-code: 1636ms)
 GET /facturacion/comprobantes 200 in 3.8s (next.js: 3.4s, application-code: 438ms)
 GET /facturacion/comprobantes 200 in 3.8s (next.js: 3.5s, application-code: 367ms)
 GET /facturacion/comprobantes 200 in 1685ms (next.js: 1395ms, application-code: 290ms)
✓ Compiled in 644ms
 GET /facturacion/comprobantes 200 in 2.3s (next.js: 113ms, application-code: 2.2s)
 GET /facturacion/comprobantes 200 in 2.2s (next.js: 163ms, application-code: 2.1s)
 GET /facturacion/comprobantes 200 in 2.2s (next.js: 249ms, application-code: 1988ms)
 GET /facturacion/comprobantes 200 in 2.3s (next.js: 408ms, application-code: 1923ms)
 GET /login 200 in 2.3s (next.js: 381ms, application-code: 1871ms)
 GET /login 200 in 2.4s (next.js: 560ms, application-code: 1812ms)
 GET /login 200 in 2.3s (next.js: 560ms, application-code: 1710ms)
 GET /login 200 in 2.3s (next.js: 742ms, application-code: 1580ms)
 GET /login 200 in 895ms (next.js: 249ms, application-code: 646ms)
 GET /facturacion/comprobantes 200 in 896ms (next.js: 453ms, application-code: 443ms)
 GET /login 200 in 297ms (next.js: 18ms, application-code: 279ms)
 GET /facturacion/comprobantes 200 in 298ms (next.js: 108ms, application-code: 190ms)
✓ Compiled in 467ms
 GET /facturacion/comprobantes 200 in 546ms (next.js: 266ms, application-code: 280ms)
 GET /login 200 in 555ms (next.js: 382ms, application-code: 174ms)
 GET /facturacion/comprobantes 200 in 123ms (next.js: 7ms, application-code: 116ms)
 GET /login 200 in 125ms (next.js: 56ms, application-code: 69ms)
✓ Compiled in 491ms
✓ Compiled in 0ms
 GET /login 200 in 2.4s (next.js: 247ms, application-code: 2.1s)
 GET /facturacion/comprobantes 200 in 2.4s (next.js: 587ms, application-code: 1799ms)
 GET /login 200 in 1149ms (next.js: 17ms, application-code: 1133ms)
 GET /facturacion/comprobantes 200 in 1148ms (next.js: 129ms, application-code: 1019ms)
 GET /login 200 in 760ms (next.js: 61ms, application-code: 698ms)
 GET /login 200 in 759ms (next.js: 284ms, application-code: 475ms)
 GET /login 200 in 765ms (next.js: 184ms, application-code: 580ms)
 GET /facturacion/comprobantes 200 in 763ms (next.js: 493ms, application-code: 269ms)
 GET /facturacion/comprobantes 200 in 768ms (next.js: 388ms, application-code: 380ms)
 GET /facturacion/comprobantes 200 in 727ms (next.js: 555ms, application-code: 172ms)
